Address,Name Tag,Balance,Percentage,Txn Count
0x0b7bb342f01bc9888e6a9af4a887cbf4c2dd2caf,,"16,000 ETH",0.01308523%,2
0xde9363fa15552ddb89d5d34376c36c0fcf914d35,,"16,000 ETH",0.01308523%,2
0x971c785796fedb5aa2bae0395d055efdb8a38058,,"15,999.994 ETH",0.01308523%,3
0x4b95059fe81b1268648c52976c034b9be117d4d7,,"15,999.894132 ETH",0.01308515%,4
0x93a654a2813f3ad052929752124b51d68bb9fa8f,,"15,947.38509904 ETH",0.01304220%,1
0xdeb294797d166d580675dc5aaef1a25378ccb626,,"15,929.90830543 ETH",0.01302791%,1
0xd404316d5bb0641853edaae62a92ccb6f2d820bc,,"15,928.67987537 ETH",0.01302691%,1
0xeb3b9f824c8551a58a427aeaaa1044866bb5e28e,,"15,924.11695912 ETH",0.01302318%,181
0xfc6772aa0821b06559ccd746deed5d0f95afc13d,,"15,917.6 ETH",0.01301785%,17
0x8936424b558a95fbdec5938b1dd95a11e40a4532,,"15,898.06288024 ETH",0.01300187%,4
0x24a52ece417147f1a7ad7f11ad572900ab8047b6,,"15,896.88328431 ETH",0.01300090%,5
0x47895e5009fd609f0027ea896bb5c38869082223,,"15,849.28359344 ETH",0.01296197%,7
0x4735f8576b62921e06253e87ca0ae0201d5b11e3,,"15,840.16285815 ETH",0.01295452%,18
0xca2dd8f07407ee31201e03876f65f1f0e69ef103,,"15,823.69186272 ETH",0.01294105%,6
0x36eed1a4dd70f0731dd20ef76c32345185a8a042,,"15,810.2096069 ETH",0.01293002%,72
0x7e06c843245d1b9d45c3d4c327b49b81f5616e67,,"15,800.00004829 ETH",0.01292167%,17
0xf9ad8f6cde350a9731ef7c77fc588ce88def56db,,"15,798.11470399 ETH",0.01292013%,1
0x9c7e1966808a95a3bda73619f76c35fabc46fe6d,,"15,795.22851346 ETH",0.01291777%,3
0x500140ce79ef3b75fc2dbd9690aa32e9da4296d6,,"15,790.16452846 ETH",0.01291363%,1
0x1271892c3724cff1416dc14c2b4e27a368cffeb4,,"15,783.91569826 ETH",0.01290852%,3
0xa318690a8fe1a02e6fa568ce84125c9d82823b05,,"15,775.07948 ETH",0.01290129%,18
0x8d12a197cb00d4747a1fe03395095ce2a5cc6819,EtherDelta 2,"15,747.80878776 ETH",0.01287899%,"11,548,162"
0x3e3586b5be868daa72dbec2ebd0d3340466253bb,,"15,734.948803 ETH",0.01286847%,7
0xef414ba7709e6cf9bbc93ba4fcb9a53f372bf54c,,"15,733.2167321 ETH",0.01286705%,20
0xc7a7fd11c1575d5a965e4ebe670481d8b58f27c0,,"15,695.94074734 ETH",0.01283657%,1
0x4d22e4f9f2bc8a0697279ce83dd1d23f1136b707,,"15,694 ETH",0.01283498%,1
0x600109d669ecc3110a83f72086ca188fde39795f,,"15,649.55422696 ETH",0.01279863%,1
0x278ad2617a315a184dec06b7d57d9fa84034cadb,,"15,611.99092589 ETH",0.01276791%,3
0xf820502be44549169a4bc136afafd714d1d25708,,"15,602.41915702 ETH",0.01276008%,2
0xcc87ff23c187a9b320d52d284c7a105f781e4b57,,"15,591.61974061 ETH",0.01275125%,1
0x220c575a00a9f62b6aae2ea2a484971c5fa3cdb0,,"15,523.14700094 ETH",0.01269525%,2
0x124a443d6a09c1cf5a5238af6a49e2d03a7d5dad,,"15,500 ETH",0.01267632%,1
0xfe7c9c176d4d3ee940af666091a08322329d72fa,,"15,465.386759 ETH",0.01264801%,2
0x5ee84d30c7ee57f63f71c92247ff31f95e26916b,,"15,435.9771217 ETH",0.01262396%,"2,856"
0xb9786dc15b3e2e4994328834c801266479900328,,"15,405.29853466 ETH",0.01259887%,1
0x7047e704228cef3cff0295ca09da1b5bab3d7402,,"15,403.86452274 ETH",0.01259770%,1
0x80505508d1fc8e8c1a12a964c4cd206058d04e5c,,"15,402.05475643 ETH",0.01259622%,2
0x695483e6f68a939fedda945499c9e3ee557c1c3a,,"15,390.98640465 ETH",0.01258717%,1
0x7c367fb44b37f4b83ff41f6a0e5e459d59aae415,,"15,287.26947622 ETH",0.01250234%,1
0x6a9a05415f78eef19de272e0677f42c954ddecb4,,"15,229.55025015 ETH",0.01245514%,1
0xf38356f7c5e47926c0417bf2763b5c44a00336b7,,"15,179.60050376 ETH",0.01241429%,4
0x27fd43babfbe83a81d14665b1a6fb8030a60c9b4,WazirX 2,"15,155.88789001 ETH",0.01239490%,"27,227"
0xeb3d5ddcdf38b898879c8a76a2e8cc3fd12a52dd,,"15,098.29075478 ETH",0.01234779%,1
0xaa499f3416f92424ce0dbfc4123b62a5481627bc,,"15,001 ETH",0.01226823%,2
0xf476a4c7ae500414c3909cedf56ed63104902176,,"15,001 ETH",0.01226823%,2
0xa19964d5f49488eb6cb4a5381826f3da58c281b1,,"15,000.1 ETH",0.01226749%,12
0xd11fd269ac6b602e42abb6f0f186cd5b27180ffd,,"15,000.0050527 ETH",0.01226741%,21
0x11133bcf0ecbe48e74a4d787bb047aa5bc2c5cab,,"15,000.0048427 ETH",0.01226741%,21
0x99072e1422377d808d5599a78aa7e772b988c0fb,,"15,000.0048427 ETH",0.01226741%,18
0x44b53564b95530a0bc708900089e685eef12fa6e,,"15,000.004839 ETH",0.01226741%,25
0xc0c847b14965df7e7eaa003ea987c6187211d85f,,"15,000.004619 ETH",0.01226741%,21
0x52da49c343df2d1880ec79df9c89a962afc8691d,,"15,000.00441037 ETH",0.01226741%,18
0xa60c073eaa1bdc3f56af8a9292b9a1e6d3c7e5b7,,"15,000.0003234 ETH",0.01226741%,6
0x35c9bbd1e0ddeadca4118a2378e9b0d1959b79f1,,"15,000.0003 ETH",0.01226741%,8
0xb1e52e319b83dd3bedbae9878b63f67b535de2be,,"15,000.0003 ETH",0.01226741%,7
0x85d2ca2f020673712e4d3f641f33f6c09cd9d983,,"14,998.99790165 ETH",0.01226659%,1
0xee136c0389733849dd710ac7104e92c6bf497574, MEXC 4,"14,963.6 ETH",0.01223764%,6
0x41f546d659dee7a37186ffc86bc918e8dd1d3c51,,"14,944.834659 ETH",0.01222229%,2
0x5d8a8f2d93948b11009bd81828a1452079983a4c,,"14,941.77151639 ETH",0.01221979%,3
0x7f74aafd223f2462e52de66f36e98498fd141c6e,,"14,940.49394465 ETH",0.01221874%,1
0xf965a1210b41d72c5faca937d8f3834a8816db4f,,"14,936.81888819 ETH",0.01221574%,139
0x58bae5c59f73f764148b127873a211eae1111a1b,,"14,900.004 ETH",0.01218563%,2
0xb985e3660a2808377e72d514e43fbdda1e689083,,"14,864.57557007 ETH",0.01215665%,40
0x056f59ab533fcd15883c4410d9ba9836c3bb7fa8,,"14,842.95232673 ETH",0.01213897%,6
0xff8a34f749b97e19f9821615731be346e65aedd3,,"14,765.9549987 ETH",0.01207600%,1
0xadec0cdc6adabe44f461b48358d4a8d3a7d62a95,,"14,657.23 ETH",0.01198708%,51
0x4fa0d17790939c67f8e8e31146cdc0d9f031f955,,"14,656.6685045 ETH",0.01198662%,14
0x77179080c8f265a93e25ae29b99446c5eb2d4558,,"14,644.21515806 ETH",0.01197644%,21
0xa9d1e08c7793af67e9d92fe308d5697fb81d3e43,Coinbase 10,"14,516.54625789 ETH",0.01187203%,"5,542,236"
0x32fac51beffb058486ecff26ea6be364efb68aac,,"14,500.00595696 ETH",0.01185850%,4
0x3ac33007a231851aadce52291fd4858e11a10ca3,,"14,455.972 ETH",0.01182249%,8
0x7d0523795e35c67b14b5edce151266a5c0ff2d65,,"14,400 ETH",0.01177671%,1
0xb5761aa4d4f88eeab67a90955a15017181975565,,"14,400 ETH",0.01177671%,1
0x3d458cb4144dab393ad1d9f90a94bc00cd49dea3,,"14,399.996 ETH",0.01177671%,3
0xae7ab96520de3a18e5e111b5eaab095312d7fe84,Lido: stETH Token,"14,382.83155562 ETH",0.01176267%,"1,020,584"
0x99f85310da212afb643c934f37ed512e66bf6de5,,"14,312.92540904 ETH",0.01170550%,1
0xc2b6aabfec71ff4a578b873eb2718a31bc4c4212,,"14,300 ETH",0.01169493%,1
0xe355f1d3bac35fca6789570dfea7648ac6a403d5,,"14,300 ETH",0.01169493%,1
0xb8da92df100b290359a2ddf3627d5d1ecdc978b1,,"14,251.285 ETH",0.01165509%,1
0xaec27ce2133e82d052520afb5c576d9f7eb93ed2,,"14,250.07791735 ETH",0.01165410%,109
0x8e279e54b04327adf57117c19bc3950d7109407c,,"14,183.08165872 ETH",0.01159931%,316
0xb9711550ec6dc977f26b73809a2d6791c0f0e9c8,Cobo Custody 3,"14,172.06042097 ETH",0.01159030%,"1,453"
0xf584f8728b874a6a5c7a8d4d387c9aae9172d621,Jump Trading,"14,136.39147297 ETH",0.01156112%,"108,996"
0xbd02c51150a4ab6ce97b9de2025644594f3e75b8,,"14,134.22889576 ETH",0.01155936%,"13,258"
0x183f28a5bdbd8e5c5ffa54e6b20d25f153b6379d,,"14,126.70842428 ETH",0.01155321%,111
0xc1ebd02f738644983b6c4b2d440b8e77dde276bd,Arbitrum Nova: Bridge,"14,115.82578518 ETH",0.01154431%,0
0xfc4e81199aa57a67a095a3bfb53520461b63b087,,"14,070.38426256 ETH",0.01150714%,1
0xabcdebb0d9c509460eb58ad134b4f57191f640b2,,"14,023.80620929 ETH",0.01146905%,46
0x86a68905cd1504057b00eebe41e94c1b04ee589e,,"14,001.495569 ETH",0.01145080%,4
0x113612bc3ba0ee4898b49dd20233905f2f458f62,,"14,000 ETH",0.01144958%,2
0x21a6db6527467bc6dad54bc16e9fe2953b6794ed,,"14,000 ETH",0.01144958%,2
0x40ea5044b204b23076b1a5803bf1d30c0f88871a,,"14,000 ETH",0.01144958%,2
0x494256e99b0f9cd6e5ebca3899863252900165c8,,"14,000 ETH",0.01144958%,2
0x535db556ff5bdd631eb3c148e5e5ab854cfac3e8,,"13,965.14419242 ETH",0.01142107%,1
0x5126ec2d8834b63a962fc471e2a6b12641454fe8,,"13,946.15690981 ETH",0.01140555%,19
0x0cb1d4a24292bb89862f599ac5b10f42b6de07e4,,"13,932.40783687 ETH",0.01139430%,"1,689"
0x07e06ba1150946cdf00b9f20e2e52568150e62a2,,"13,908.08708864 ETH",0.01137441%,1
0x0adf1f3dfa6e9c2136f0d3b46da357c72ddb5747,,"13,797.415559 ETH",0.01128390%,1
0x7b7799200c6156a395d8d278b3d3dade6ff5b4fd,,"13,775.54824068 ETH",0.01126602%,2
0xeac559a7d5ecaa6e5e40908937f2dc71127f861e,,"13,755.09922824 ETH",0.01124929%,1
0x88d25610f79450993e57e56f5ea69ed030adfd9f,,"13,737.284559 ETH",0.01123472%,1
0x77134cbc06cb00b66f4c7e623d5fdbf6777635ec,Bitfinex: Hot Wallet,"13,718.65835872 ETH",0.01121949%,"303,383"
0x9fea15dec6178cb4e197786143eb1f8760cded0a,,"13,711.43146803 ETH",0.01121358%,1
0x4c0907f7ad337635a7fd414a0c7a938e0d64bf4d,Bitstamp 18,"13,703 ETH",0.01120669%,4
0x3f8cff57fb4592a0ba46c66d2239486b8690842e,,"13,700.85465384 ETH",0.01120493%,222
0xbd4ff455f38ca5cf35719652ad2c5f4e8814e389,,"13,632.962559 ETH",0.01114941%,2
0x46340b20830761efd32832a74d7169b29feb9758,Crypto.com 2,"13,622.71151097 ETH",0.01114102%,"11,604,013"
0x61bd22068505658f82904e334b3ec303245126b6,,"13,604.1481014 ETH",0.01112584%,1
0x31435aed74efe468918932019550245a971a76a7,,"13,599.998 ETH",0.01112245%,3
0x9e438fdbe81bf46df96ba842dbbeb8111a2d4c1b,,"13,553.52144941 ETH",0.01108444%,1
0x5dbbc591e4fa5d9c40d23a1f6eb507b7f1e47e4c,,"13,549.48570073 ETH",0.01108114%,2
0x327f4a8fa6d3aa4d85b487cae8490d169b7db476,,"13,533.4887336 ETH",0.01106805%,2
0xe6e90d59cb21f34a4268c9e18897c5bafb692c38,,"13,533.25940788 ETH",0.01106787%,4
0x6c65fdb3b8a07c0ee373ed4968291d5194b1b29d,,"13,491.13630604 ETH",0.01103342%,1
0xa951a1bcbbd1bee2cc35cfd96dcf9d101e630c40,,"13,480.96874182 ETH",0.01102510%,47
0x37f21816c8f1770b6a208530375cb864fb70fdc8,,"13,468.50351478 ETH",0.01101491%,1
0xea28d8a2711f39d9f10b50878177360791500cb6,,"13,457.41201529 ETH",0.01100584%,4
0x7fdd9c6be666561e088607bda6047feb283fb4a5,,"13,451.0023475 ETH",0.01100060%,15
0x0844e137f4e87ad3f3738d5b39514024146097e0,,"13,400 ETH",0.01095888%,1
0xb8fa5387475410fa2e933076eab21406cff5cae7,,"13,372.72092009 ETH",0.01093657%,4
0x4bea288eea42c4955eb9faad2a9faf4783cbddac,,"13,371.06786949 ETH",0.01093522%,36
0x0000000000000000000000000000000000000000,Null: 0x000...000,"13,366.49834375 ETH",0.01093149%,"1,001,317"
0x15855bb8e1ea1d8c143a8b2a26d6e85c7e449c12,,"13,342.08446362 ETH",0.01091152%,14
0x71729f9c29b48d49a49817f75e92cfbb2e7b5122,,"13,341.19633408 ETH",0.01091079%,1
0xaf5c5f69fe15d3e338e1b12d33a23d538386b51c,,"13,340.61057774 ETH",0.01091031%,31
0xe8f6d57e67d4bf6243dc650f8207b5c5a74a2b2c,,"13,337.7940819 ETH",0.01090801%,3
0x367d1057813de939cf8eefd0c2a560e53082a326,,"13,307.95774372 ETH",0.01088361%,243
0xabf338dac393636f0e1b714a96f1e0fab7cae911,,"13,270.0912548 ETH",0.01085264%,2
0x4231347c9a926119d7cf8c745c613e2167891355,,"13,250.14505845 ETH",0.01083633%,37
0x0410b087de240bd4ddbb5da7e50e9401bda03914,,"13,237.36519615 ETH",0.01082588%,3
0x07324ad8756ea6f62705cfe108b63d62798e453f,,"13,237.36519615 ETH",0.01082588%,3
0x8ee6f6645d8b98e0a5fdd425b5ee7f57af81cd64,,"13,229.32794087 ETH",0.01081930%,1
0xf3173cadaf5274a03ba2d3baa5366166fa1ce32e,,"13,223.61030191 ETH",0.01081463%,32
0xddd3ee8adc6fba23b5323e667a5a817d33bed8b7,,"13,204.09338513 ETH",0.01079867%,6
0x5a0e2ff2741bd58d9547b05e4515c9a0719a1282,,"13,182.85787123 ETH",0.01078130%,3
0xf93be4bd7c9b5e03c843c4901b6d88291663c92f,,"13,166.19315361 ETH",0.01076767%,5
0x6897a3aefb9383605809111fbffd702c91910f12,,"13,146.96570735 ETH",0.01075195%,33
0x5b97a1cd49754878630524298296abcad2b4cc2d,,"13,134.74363772 ETH",0.01074195%,92
0x11a05633e78aabf81cbc84d58e0f8d07fd25c992,,"13,108.70154607 ETH",0.01072065%,212
0x04e5a3d5098f775077f051f17815b4e4a3e8fc99,,"13,104.9956 ETH",0.01071762%,4
0x0248392680a25223e84c6fc7c005b290477b5b65,,"13,104.98352225 ETH",0.01071761%,4
0xc83417b3c37b687888d1cb4d08ff28725d220397,,"13,068.17786692 ETH",0.01068751%,4
0x23996a5ea28109d3071b3d3d37a5e36ae999a479,,"13,016.97719 ETH",0.01064564%,1
0xc2f86f5708e5b98f50854ca1f0d34c8f9e7ae875,,"13,013.5459973 ETH",0.01064283%,3
0x29cd45e5f1eeee413f208c67304d6872ec614636,,"13,003.03484288 ETH",0.01063424%,50
0x6a164122d5cf7c840d26e829b46dcc4ed6c0ae48,CoinDash: Token Sale,"13,000.46725884 ETH",0.01063214%,"2,165"
0x31aa4198aba25afa719d9ef634c9d24d3e81d99f,,"13,000.00228709 ETH",0.01063176%,53
0xd46914c273443505563d346f98d41f6a40dff36c,Bitstamp 40,"13,000 ETH",0.01063175%,1
0x9ce8b0fd29c29d3ede7fe0271fd2acd8192cb260,,"12,995.89216233 ETH",0.01062839%,5
0xf962e467c553c2ef45d5462c52429837f4fd8c8a,,"12,992.82681716 ETH",0.01062589%,16
0x4c9fe9f5f4eb11f17d93424dbac66439776f3fab,,"12,983.23494588 ETH",0.01061804%,1
0x2bf05d52c0574fb12bc6bb4712b0a655fecfb90f,,"12,981.81474932 ETH",0.01061688%,3
0x5a066e3c7c9f23f793f32ebf4dcbbf50470a7c3f,,"12,949.33834542 ETH",0.01059032%,6
0xdff48a525411d37355d7292c2f5706055507e601,,"12,942.95992736 ETH",0.01058510%,4
0x6b8f3ba10c5afeace21d790d364c45670c930a05,,"12,939.93363404 ETH",0.01058263%,3
0xc9deb85b5e98fa001978fe8225215f308df7aaa7,,"12,927.34355959 ETH",0.01057233%,5
0xaed30acac87606f18c2f3ad91aa578f687e345f5,,"12,900.46157184 ETH",0.01055035%,4
0xe73173ee7f52c6ce5570a1e01bdfd0a5260e73bc,,"12,900.46157184 ETH",0.01055035%,2
0x38f88754ef3d60a528bdb187795f6cb91ada7716,,"12,885.997559 ETH",0.01053852%,2
0xdee3fdb72031b3d32797c6a8cb14622723195c41,,"12,881.54984233 ETH",0.01053488%,1
0x1a34f1b1860885f6b0946847894719711e43ca2c,,"12,868.74802062 ETH",0.01052441%,55
0x139755dfda844a7e56f49c319ad4b7cb041f54f7,,"12,855.42193847 ETH",0.01051351%,21
0x4989d7983057fe34e5ff0e33dfda49629c9d17f6,,"12,851.78609826 ETH",0.01051054%,4
0x3187aae7bdc6b5191b4940aef2788d362b953d1a,,"12,851.11381238 ETH",0.01050999%,4
0x451eb95b927b9281bccc79df9a459e8e94a4f985,,"12,835.90307815 ETH",0.01049755%,120
0x48b5e144bf84f61e05e66f7b05fa795c3a8f2439,,"12,800.60920003 ETH",0.01046869%,1
0x23ea10cc1e6ebdb499d24e45369a35f43627062f,Digix: DGD ETH Refund,"12,795.87847993 ETH",0.01046482%,"2,029"
0xa3c52796f5b3eeb84a1a4540c4b0a9310f8020d4,,"12,746.799559 ETH",0.01042468%,2
0x41144f86957101935c62e786b7fea3a1d71bf111,,"12,742.982108 ETH",0.01042156%,1
0x7d34487e36f3c6021b8ca8ed5fc908f85be86038,,"12,739.98868805 ETH",0.01041911%,2
0xdfd5293d8e347dfe59e90efd55b2956a1343963d,Binance 16,"12,691.17263491 ETH",0.01037919%,"9,211,384"
0xfda9c8ac2375bee15b27c58e48b74023f8686610,,"12,657.4528 ETH",0.01035161%,6
0x16297903d273f746f894bfc42b4125b45d102e8a,,"12,657.44384804 ETH",0.01035160%,20
0x000000000000000000000000000000000000dead,Null: 0x00...dEaD,"12,616.0735342 ETH",0.01031777%,"67,690"
0x0842b50fcbe9f8515351ef9c0e47c9a3a30fd3ef,,"12,576.3163809 ETH",0.01028525%,9
0xad7983b56cbd97313107f4c1935f6a8c75e11f54,,"12,562.23331981 ETH",0.01027374%,24
0x764c64b2a09b09acb100b80d8c505aa6a0302ef2,Truebit Protocol: Purchase,"12,539.20621561 ETH",0.01025490%,"2,414"
0xeb001fb307e9b85a9f2d36163035d154edf57db5,,"12,501.785 ETH",0.01022430%,9
0x0c295c085cae9c6278df49477d29f71d78c5490d,Sparkster: Wallet,"12,500.83371221 ETH",0.01022352%,73
0xf9b993a7136733ad019d5b2497e90a0887fb1049,,"12,500.34408095 ETH",0.01022312%,1
0x341a069071cde88b3491f7c4934f34cd51100406,,"12,500 ETH",0.01022284%,1
0xc685bad74e7b3cad4eba1be9403f7e115295bd42,,"12,500 ETH",0.01022284%,1
0x4c912a73af93a6d99a456966ea27952426e2109b,,"12,481.58866686 ETH",0.01020778%,1
0x326d9f47ba49bbaac279172634827483af70a601,,"12,469.9986 ETH",0.01019830%,"1,271"
0x910cbd523d972eb0a6f4cae4618ad62622b39dbf,Tornado.Cash: 10 ETH,"12,460 ETH",0.01019013%,"14,055"
0x8256bd878b72d6abd31038c56d7c5df42f86c850,,"12,454.00412789 ETH",0.01018522%,10
0xf8ac3fc3f575f22ccc688551db3513d4d8566748,,"12,453.99829369 ETH",0.01018522%,9
0x126d212a7761a161ac26fdd0cada95b2249a64c0,,"12,425.00028252 ETH",0.01016150%,9
0x550f589100e379c8530c0564566d6e270ff13457,,"12,419.59971042 ETH",0.01015709%,"3,917"
0x08c491e232a8e304e9d59883dbdbe8192b3cf027,,"12,400 ETH",0.01014106%,1
0x569ff84894dd10f944572a5375f09f326127af1f,,"12,400 ETH",0.01014106%,1
0xb6a5351e8ed77181d585e97fccd56fcbaad9f5b6,,"12,400 ETH",0.01014106%,1
0xb977d3fa2c2f878e4e230b27cbdc35c7a5c0ca5d,,"12,400 ETH",0.01014106%,1
0xbf044a0d4cfa289628a4450f4e36e4a5fbea9d0c,,"12,400 ETH",0.01014106%,1
0xc606c9c0f138a69b7b80491902f3d456e431ca04,,"12,400 ETH",0.01014106%,1
0x9a345ca67ee70248acfb4a64843e7a1e9befee96,,"12,394.75604179 ETH",0.01013677%,1
0x245a01d2f879bc75909f0e86032f9236cf3b1dba,,"12,342.66834369 ETH",0.01009417%,1
0xc2906c3c14d89bdd7bfc22a3f6c1f375664aaaab,,"12,341.71414387 ETH",0.01009339%,6
0x087d2c24c0225b286e5aac0e94aefba0af3b44dc,,"12,300.49758831 ETH",0.01005968%,31
0xdeb9cc22cd17136cce26f9341b81d2a5c83beca5,,"12,300.001 ETH",0.01005927%,2
0xddf744374b46aa980ddce4a5aa216478bf925cd1,,"23,679.32145355 ETH",0.01936559%,284
0x02d3e24545ec92951e51a953b4d24068e7c6d8a4,,"23,186.6894699 ETH",0.01896270%,319
0xcffad3200574698b78f32232aa9d63eabd290703,Crypto.com 5,"23,153.58624449 ETH",0.01893563%,"1,062,692"
0x3bdc69c4e5e13e52a65f5583c23efb9636b469d6,Rocket Pool: Vault,"23,078.75923625 ETH",0.01887444%,6
0x649614d3f7a7d68b3cf3c00264a07eeae4326fdc,,"23,073.401 ETH",0.01887005%,6
0xbe8fe56063aa85014ea674db171dcba015c3a4d4,,"22,735.07818832 ETH",0.01859336%,3
0xde8b1b1c6501c4aac85df0e64a198fb7bb65ea60,,"22,500.03520728 ETH",0.01840114%,2
0x8408b4ff79195dd2c1b903204b3b41becc4bb486,,"22,361.82787539 ETH",0.01828811%,974
0xd01ae1a708614948b2b5e0b7ab5be6afa01325c7,QubitFin Exploiter,"22,212.58885184 ETH",0.01816606%,136
0xedc4402812c1e4d8312a5a2ed7bfee89c49613ba,,"22,090.45204061 ETH",0.01806617%,29
0x79b91d213e019c62e6d1ef87c2e6e9fd07320373,,"22,088.43704875 ETH",0.01806452%,28
0x6fe6b1ab512a0bbef752086bded463107dd8ba15,,"22,083.554982 ETH",0.01806053%,26
0xabf81ecd63f1e4816abb1747aedbcde720459fe0,,"22,080.759239 ETH",0.01805824%,22
0x378d1814b1d3d84c10a51317d26584b61c70b617,,"22,079.9841865 ETH",0.01805761%,21
0xe09f3fd42f4b7d6d2d70d412298973658f2b23b5,,"22,078.99131153 ETH",0.01805680%,28
0x43594da5d6a03b2137a04df5685805c676def7cb,,"22,006.81813946 ETH",0.01799777%,77
0xa40f46d4dbd33be5f4cc11772e95f8fa8dc67dab,,"21,953.01321883 ETH",0.01795377%,1
0xc155e5ca4e17041333ae66728b1fd77bf178be74,,"21,860.86052198 ETH",0.01787841%,38
0x5a814d65a25cf2463f8988a2ca685012fcbc30be,,"21,858.6994466 ETH",0.01787664%,55
0x3bbf4e8fadbff1be660b2fd6cae33314caeaa301,,"21,845.52625947 ETH",0.01786586%,56
0x9b0e462214e6bb5345ad3b78c09f7c043eb4fd6f,,"21,768.69270371 ETH",0.01780303%,8
0x43ab622752d766d694c005acfb78b1fc60f35b69,,"21,704.32557927 ETH",0.01775039%,106
0x80fbb6122b8e023988e640db1ae348a10a7933e8,Aragon: ANT Redemption Contract,"21,581.6210507 ETH",0.01765004%,"1,696"
0x89f813c9e0f95059456701d0fe7dfa7e1d233ed1,,"21,538.76203211 ETH",0.01761498%,14
0xdf3288f9e54809c97edabdeb8f0c3c26ce0f5192,,"21,517.78217985 ETH",0.01759783%,"4,082"
0xafedf06777839d59eed3163cc3e0a5057b514399,CoinEx: Cold,"21,387.52323078 ETH",0.01749130%,821
0x67fad242e46bcae9c23c0ab59b7c55ae7fdff34e,,"21,229.43458686 ETH",0.01736201%,2
0xd24400ae8bfebb18ca49be86258a3c749cf46853,Gemini,"21,192.7547128 ETH",0.01733201%,"4,517,264"
0xaf25663da625032c2f486a28b6d55b8cd22b74cc,,"21,108.37084332 ETH",0.01726300%,1
0x88a1493366d48225fc3cefbdae9ebb23e323ade3,,"21,000.22097072 ETH",0.01717455%,45
0xeb794a13dcc8710f6578070e884a20c1dde4b28d,,"21,000.00000592 ETH",0.01717437%,3
0x3ac7396b9dd049cba2db72934f7e35752147e364,,"20,995.23121566 ETH",0.01717047%,4
0x92982bccb608936be803fad34c03414e888ee1de,,"20,975.62078276 ETH",0.01715443%,7
0x4085607d49c5e6eb9af262a156a9089cd04d3e5c,,"20,972.44722559 ETH",0.01715184%,9
0x830b9eba30096ee7d8b10dbe4a5912c5ba69b019,,"20,917.95496412 ETH",0.01710727%,2
0xb909543fe81a472d5bc9af8f66b896aa3159141e,,"20,800.0002 ETH",0.01701081%,7
0x6dc803efb26f5713d6ae5169b818c3b5dc9a64e8,,"20,777.57955606 ETH",0.01699247%,14
0x1d5a591eebb5bcb20f440d121e4f62e8d1689997,,"20,753 ETH",0.01697237%,4
0x0000000000a39bb272e79075ade125fd351887ac,Blur: Bidding,"20,699.48343709 ETH",0.01692860%,"1,993,239"
0xcd4a584d5938a431083183055ac7a066aa3e1985,,"20,644.04924384 ETH",0.01688326%,3
0x184f1960bafd44e8ad8d56ae91ce641678a48602,,"20,594.92191672 ETH",0.01684309%,2
0x6a51d95b6f9e24b4ae71fe4751b12ff87ddb19cd,,"20,443.75197103 ETH",0.01671946%,54
0xab3c66a06a5940b811ad1d98d8b6ea5456657993,,"20,398.093028 ETH",0.01668211%,8
0x7ffbafdc1e4f0a4b97130b075fb4a25f807a1807,,"20,338.3806296 ETH",0.01663328%,"1,556"
0x8b34b14c7c7123459cf3076b8cb929be097d0c07,Mode: Optimism Portal Proxy,"20,294.47595405 ETH",0.01659737%,"17,833"
0xd9a442856c234a39a81a089c06451ebaa4306a72,Puffer Finance: pufETH Token,"20,226.86295638 ETH",0.01654208%,"150,935"
0xf8092d0679cc835b3d51d46163e649f2de5c680d,,"20,199.682 ETH",0.01651985%,6
0x14bbf6493b7923284e4957fa4de9f3c2b1bab120,,"20,182.74315246 ETH",0.01650600%,1
0xc3ecba28af450e2ed469164766751130d93ecc36,,"20,159.16345462 ETH",0.01648671%,929
0x237b5ad89d6513630b71bbf783c1edcc84fb6aab,,"20,047.33555854 ETH",0.01639526%,109
0x253f1e742a2cec86b0d7b306e5eacb6ccb2f8554,,"20,040.00026863 ETH",0.01638926%,2
0x1c4b70a3968436b9a0a9cf5205c787eb81bb558c,Gate.io 3,"20,027.27095028 ETH",0.01637885%,"38,129"
0x914b432dad9c29c081f93d84790919335bcbd33f,,"20,012.28217151 ETH",0.01636659%,23
0xd64a2d50f8858537188a24e0f50df1681ab07ed7,,"20,002.03317747 ETH",0.01635821%,27
0x3c8fdb4b682a6149f5c90821d9ce94940d567a7f,,"20,001.03192067 ETH",0.01635739%,35
0x41d02938752a066fe5b69fb3f4f3efbc33aa223c,,"20,000.95684911 ETH",0.01635733%,1
0xf770ef2e23bae5de5f7dd0cfe56fe68c8c3cfa48,,"20,000.95621541 ETH",0.01635733%,4
0xe928828e62123b59656ab371bcadd7771d301261,,"20,000.94359619 ETH",0.01635731%,5
0xddd5c28028db9b0474c87649f3b265f7a0af3651,,"20,000.93057855 ETH",0.01635730%,3
0x24cc59bc6d1e5145b073a5e5aac1486d1548a7fb,,"20,000.70849129 ETH",0.01635712%,4
0x6a7b2e0d88867ff15d207c222bebf94fa6ce8397,,"20,000.402518 ETH",0.01635687%,25
0x3b7f0c36d59a8c9c5e4ef2210d18651b17f82d86,,"20,000.3732875 ETH",0.01635685%,15
0x14fd2489f8dce14e9a14a60b23c1cb54527c2c1b,,"20,000.1672819 ETH",0.01635668%,3
0x2449bfe8754b79add948bb3814aceff176b6e559,,"20,000.08275527 ETH",0.01635661%,26
0x5608c231745fe46b9f73058cde0d86ac0ff0df38,,"20,000.001278 ETH",0.01635654%,2
0xbf4e47672b9418865bb27147d1b09fcb00573c06,,"20,000.00101325 ETH",0.01635654%,9
0x5ce2e7ceaaa18af0f8aafa7fbad74cc89e3cd436,,"20,000.001 ETH",0.01635654%,2
0x0a636a76405627698880b96dc9e96b0c12aa90b9,,"20,000.00013075 ETH",0.01635654%,3
0xe652a5404f5867ba5d9ece2b95f48b3a267f6d69,,"20,000.00002171 ETH",0.01635654%,3
0xda0f9efb79cca7321adf4bc56fbda57232ded986,,"20,000.0000144 ETH",0.01635654%,2
0xa3932a31d6ff75fb3b1271ace7caa7d5e1ff1051,,"20,000.00001245 ETH",0.01635654%,3
0x93a107b4bee1c3679d42ff97d03582d2ead43fd0,,"20,000.000009 ETH",0.01635654%,2
0x8660f250d912c528285747da47518a94e56899a6,,"20,000.0000089 ETH",0.01635654%,2
0x84678bbe94eeec41e312cc9e557217926c6b2f6d,,"20,000.0000088 ETH",0.01635654%,2
0x8f5e73014d00bee5f88505db1950830373911d3a,,"20,000.0000077 ETH",0.01635654%,2
0x0dc0dd9978de3ed2a9ccd64e1a5f051050d9a55c,,"20,000.00000647 ETH",0.01635654%,2
0x58eaa8177d4309a8bb83205e49a8468cfa799d7e,,"20,000.00000001 ETH",0.01635654%,0
0x02b6d65cb00b7b36e1fb5ed3632c4cb20a894130,,"20,000 ETH",0.01635654%,2
0x12afbcba1427a6a39e7ba4849f7ab1c4358ac31b,,"20,000 ETH",0.01635654%,2
0xb1cd4bdfd104489a026ec99d597307a04279f173,,"20,000 ETH",0.01635654%,2
0xd942de4784f7a48716c0fd4b9d54a6e54c5f2f3e,,"20,000 ETH",0.01635654%,2
0x083937d7b7e7620c63356fdf07bf50dcd8c61551,,"20,000 ETH",0.01635654%,1
0x1514f411b9c7fcc763af4d97182b26e2df162552,,"20,000 ETH",0.01635654%,1
0x27ca5d05bb99a31c1cb793c8679f605ea58c1dd3,,"20,000 ETH",0.01635654%,1
0x329b872573ba71bef919ae216de07158a872629d,,"20,000 ETH",0.01635654%,1
0x3ed847c6657a30cdb2d75d64963653bb955549df,,"20,000 ETH",0.01635654%,1
0x53a6513a945c263fb7868e62959d55543a9f8b5e,,"20,000 ETH",0.01635654%,1
0x73e47ed13c96bbfa3301565226f7650c171c65ae,,"20,000 ETH",0.01635654%,1
0x809817ed1b3d124067c43c79695c816285897673,,"20,000 ETH",0.01635654%,1
0x91056475a96c5bf3ede4bba4d4b856c4210b70cd,,"20,000 ETH",0.01635654%,1
0x9f04ebdecb2db3b063966dd268f9d28fdf02c6d6,,"20,000 ETH",0.01635654%,1
0xa6b6f509b205a199962585f094d53bd89be619fc,,"20,000 ETH",0.01635654%,1
0xe551729730118c7114e9465f3743a73c417090a4,,"20,000 ETH",0.01635654%,1
0x4fdb97ed75b9e7e30601e62f7be0694f31eac8dc,,"19,999.99958 ETH",0.01635654%,1
0x9a421241c98bbb8ae013e4a5f85e5067e3874d16,,"19,999.99958 ETH",0.01635654%,1
0x99fb6ce36c483d1538db14c58bbb1f967ae17bc7,,"19,999.99750214 ETH",0.01635654%,2
0x84a81673851c6c024b825fe58afbb8a5ba0d927d,,"19,999.997496 ETH",0.01635654%,2
0x6c831c124f02ab3df986c640fb36cb70ebec0232,,"19,999.9917785 ETH",0.01635654%,1
0x94c055e858357aaa30cf2041fa9059ce164a1f91,,"19,999 ETH",0.01635573%,2
0xbd9ed5848af944ad0e7796101e50287ee3260426,,"19,973.30423736 ETH",0.01633471%,2
0x403a7a62c5b5f3a4cc3d6ef1fb5d283a8d2427e1,,"33,596.18592102 ETH",0.02747587%,1
0xdca6ab9508d28c0eb7b120b8252041edcb56753f,,"33,300 ETH",0.02723364%,15
0x85ad8bdf4a7b81cb647b90250b5b2f83cf23efe4,,"33,006.33673986 ETH",0.02699348%,12
0xd04daa65144b97f147fbc9a9b45e741df0a28fd7,,"33,000.99916621 ETH",0.02698911%,75
0x14407276f054004a4c5807c779416fd3106503af,,"32,825.63904995 ETH",0.02684570%,1
0xf197c6f2ac14d25ee2789a73e4847732c7f16bc9,,"32,642.20010144 ETH",0.02669568%,"1,163"
0xbc5a4a09450b4106be9a4df3d85da3f4617e819f,,"32,462.45775782 ETH",0.02654868%,402
0x70cd5778307be9390a5ed8edffaf7398b333d124,,"32,330.39191192 ETH",0.02644067%,16
0x6dab3bcbfb336b29d06b9c793aef7eaa57888922,,"32,249.85191349 ETH",0.02637480%,987
0x38b50146e71916a5448de12a4d742135dcf39833,,"32,200.00000842 ETH",0.02633403%,3
0xf2d4766ad705e3a5c9ba5b0436b473085f82f82f,Coinhako: Old Warm Wallet,"32,138.67774737 ETH",0.02628388%,"4,372"
0x30b86f843a10ec6b28e8fa76b8b86d8317c708b6,,"32,001.09807608 ETH",0.02617137%,8
0xf79f21c74a1e53c5eb148eb0c6e64196a30d439c,,"32,000.10336116 ETH",0.02617055%,22
0x6c064fb0b9956b111fdcfe4297c03c980dd7730c,,"31,618.38022751 ETH",0.02585837%,212
0xea3aa67237e3f773d30b01034c63021eff59e158,,"31,355.463438 ETH",0.02564335%,1
0xb5742a2dde347217efc3a7eb54bf753d1ddcd469,,"31,323.86507391 ETH",0.02561751%,60
0x6841731d5183fb7ccf89689b2e37cfdb8bf6799e,,"31,259.89397086 ETH",0.02556519%,1
0x078a9e1b56850dc9be25c20fb0f980c60775cf46,,"31,126.21099805 ETH",0.02545586%,1
0x1c7bfcad2ee0e50493fa6a22f4f06c0c9ec86e60,,"31,082.03404249 ETH",0.02541973%,3
0xa97beb3a48c45f1528284cb6a95f7de453358ec6,,"31,000 ETH",0.02535264%,2
0x78d070de6735ef2f21d0a6532a9ae254cae0aecf,,"30,999.99515019 ETH",0.02535264%,24
0x1eddfb5ef9d8a66d1ec39292a7d1ab42b865e04b,,"30,800.60814671 ETH",0.02518957%,24
0xb085aa12d33c018254e7f844956b1100628e50b5,,"30,434.86013421 ETH",0.02489046%,1
0x5efc9d10e42fb517456f4ac41eb5e2ebe42c8918,,"30,347.85433464 ETH",0.02481930%,930
0xff64a8933e05c9d585ab72db95d207ebee9be5a8,,"30,106.17228532 ETH",0.02462165%,23
0x491561db8b6fafb9007e62d050c282e92c4b6bc8,,"30,023.00000576 ETH",0.02455362%,10
0xb5ab1ec3feac6134ab3cf7f0126d873929f756a2,,"30,006.7458331 ETH",0.02454033%,3
0x1fe29b608c1cab7b7354fc96c7bbb2a68355ced6,,"30,000.84763315 ETH",0.02453551%,11
0xa32e317f86ba61e87083e3e39bebba3837697678,,"30,000.01560306 ETH",0.02453483%,8
0x866c9a77d8ab71d2874703e80cb7ad809b301e8e,,"30,000.01383686 ETH",0.02453483%,7
0x896dfee1afeb6336e86911bd5a341c1264e5611a,Bitstamp 29,"30,000.0000088 ETH",0.02453481%,2
0x69073269729e6414b26ec8dc0fd935c73b579f1e,,"30,000 ETH",0.02453481%,2
0xa0f6121319a34f24653fb82addc8dd268af5b9e1,Deribit 2,"30,000 ETH",0.02453481%,15
0xa7e15ef7c01b58ebe5ef74aa73625ae4b11fe754,Deribit 4,"30,000 ETH",0.02453481%,7
0x92694498ac23728b1faf8d8ae083510bdff515ff,,"29,999.99487721 ETH",0.02453481%,2
0x11f52057c6969b4df9978948caa560a635a7fd3d,,"29,980.77271433 ETH",0.02451909%,5
0x3262f13a39efaca789ae58390441c9ed76bc658a,,"29,930.02153902 ETH",0.02447758%,56
0x4cc61daed7824ff8b5081f204e16bea330c2eeab,,"29,869.005 ETH",0.02442768%,2
0xf8047b8b16876435214b7b8ec6836a707b56a469,,"29,835.35834209 ETH",0.02440017%,2
0xa2f6abe26fe0e1c1f2684ab002ed02a59ffbf85a,,"29,817.59405002 ETH",0.02438564%,66
0xbc9b1e338fadf78c6a5667d1efb11c75b627a5fd,,"29,689.98855664 ETH",0.02428128%,8
0x111cff45948819988857bbf1966a0399e0d1141e,bitFlyer,"29,601.63377522 ETH",0.02420902%,"15,980"
0x5d8f71af4f6afd7f89c2bb9db7d7f95f5ae127fd,,"29,550.84892284 ETH",0.02416749%,1
0x2efb50e952580f4ff32d8d2122853432bbf2e204,Robinhood 2,"29,239.44310895 ETH",0.02391281%,"8,334"
0x770b376dca76cb1e190f9539010bce8d96c26bc6,,"29,162.64107615 ETH",0.02385000%,1
0xb203e1170a30e68dc5b20aac08aa42619842c79e,,"29,101.50854658 ETH",0.02380000%,181
0x5a52e96bacdabb82fd05763e25335261b270efcb,Binance 28,"29,017.7702532 ETH",0.02373152%,"3,035"
0xa3f480eb9e0a0d91d20538464c89a7d3d4951b63,,"29,000.25877686 ETH",0.02371720%,109
0x84712cc955ab7e33540d4ae4ed5838afb9b17f04,,"29,000.00020869 ETH",0.02371699%,9
0x6f17cebea98d247afec682aee781d23059236e3a,,"28,634.641 ETH",0.02341819%,1
0x05d5dd85827200b98fb24f585e395bcf9e2d8de0,,"28,582.76004099 ETH",0.02337576%,3
0x24c030caf0aab4e8aea86ab913a59fa909a659d5,,"28,065.48577559 ETH",0.02295272%,1
0x62296d196da9f6d4bce22b3e4c9222a501ad6639,,"28,049.97356555 ETH",0.02294003%,8
0x9e7972d68b9ec0980ffaca75daf7ad3ea84d9137,,"27,788.15316954 ETH",0.02272591%,1
0xae5d3d7ad60939bc9f0a5588457b5e75fa458d2e,,"27,586.48679702 ETH",0.02256098%,32
0x441d3663b321fd828350411641d7c9d57a183fcb,,"27,536.63917999 ETH",0.02252021%,27
0xb17c443c89b0c18e53b6e25ae55297e122b30e5c,,"27,450.25556456 ETH",0.02244956%,13
0xc8dd597fcf3c5d0b1c481201ddda275a860f4199,,"27,302.13843624 ETH",0.02232843%,1
0x955a27306f1eb21757ccbd8daa2de82675aabc36,,"27,275.95725818 ETH",0.02230702%,87
0xe7f13fa41185994ad813ae870a97833228ceeb01,,"27,262.29889186 ETH",0.02229585%,2
0x57757e3d981446d585af0d9ae4d7df6d64647806,,"27,018.2129183 ETH",0.02209623%,"1,654"
0x2ebb9a5111fc3e1ce4ec0b10a9f4ea47525c1ee1,,"26,842.85820421 ETH",0.02195282%,1
0x7c0c71d143c0ab9e1abc793b14d99b5cf8765e62,,"26,721.87707253 ETH",0.02185388%,24
0x517c46825fb35c273de66d71dcef0d7b63b1076b,,"26,475.5966108 ETH",0.02165246%,919
0xb3e45b73401c0acae07751e5c062bf98639c7090,,"26,338.4465181 ETH",0.02154030%,1
0x4ae51f92c4569ad0a7c0efd4084c331a1490415e,,"26,253.38392204 ETH",0.02147073%,1
0x69a8ff64ed164ed3d757831d425fdbe904186108,,"26,213.9407902 ETH",0.02143847%,68
0x95cddecd01856aa896426bd1ee021d87f3a5c199,,"26,000.158836 ETH",0.02126364%,11
0x267be1c1d684f78cb4f6a176c4911b741e4ffdc0,Kraken 4,"25,902.51168902 ETH",0.02118378%,"4,161,631"
0x63b69ff1dd735dcc4556257e63604a7087aef640,,"25,885.455 ETH",0.02116983%,4
0x7711be4c8ce719146667e21b4829fb839f5cc28e,,"25,878.65743357 ETH",0.02116427%,1
0x06f6bbe65d594e046971a1a0337c838e454bef33,,"25,869.26935469 ETH",0.02115659%,2
0xe8e8f41ed29e46f34e206d7d2a7d6f735a3ff2cb,,"25,810.28760825 ETH",0.02110835%,768
0x1157a2076b9bb22a85cc2c162f20fab3898f4101,FalconX: 0x115...101,"25,545.19104228 ETH",0.02089155%,"67,449"
0x82dc7ebd4b26dfdef8e5939ec415f0929401bd31,,"25,536.19151027 ETH",0.02088419%,149
0x738ca94db7ce8be1c3056cd6988eb376359f3353,,"25,500 ETH",0.02085459%,2
0xc0bc8ffc7d1339ccf81e8f4db0ca0bc82f30bbf6,,"25,352.55068796 ETH",0.02073400%,77
0xe9b45c2973ed20285ac66966eebd52d5e0fe7362,,"25,324.65541869 ETH",0.02071119%,35
0x01e94b2bf66297c0fc3841f3edb6f49f080a801c,,"25,297.75100604 ETH",0.02068919%,2
0xf89d7b9c864f589bbf53a82105107622b35eaa40,Bybit: Hot Wallet,"25,248.23505328 ETH",0.02064869%,"4,836,174"
0xa329e0274b764c45873346098ec9ddcec1546731,,"25,201.79700712 ETH",0.02061071%,1
0xddbe36334fa75a371c22ecb4cef41d66061564b3,,"25,173.46617744 ETH",0.02058754%,1
0x0017408209fd546fda8f5f5135ebfb346a7cfabf,,"25,114.9998404 ETH",0.02053973%,1
0x17907a61ddea6dfb4f8c3f5dbcfac086303b8653,,"25,075.36879997 ETH",0.02050732%,1
0xa23cbcdfafd09de2ce793d0a08f51865885be3f5,,"25,005.02777352 ETH",0.02044979%,754
0xcd564d45654b7e90738ad4f578248704c361e391,,"25,000.07549976 ETH",0.02044574%,7
0x8d4cda7c2ac8f4ac35dd8d1491c9058cc7ee4e0b,,"25,000.0000085 ETH",0.02044568%,2
0x8c11bda622e6780ff36e5b4d887db5d186367df9,,"25,000.00000544 ETH",0.02044568%,2
0x072b8ec96f4bd51d85d2c9507cad23d930623348,,"24,990.00000889 ETH",0.02043750%,3
0xb8040536958d5998ce4bec0cfc9c2204989848e9,,"24,472.42001 ETH",0.02001421%,3
0xe4d63bdfb451227a49b6ddc047d680cc7e84b6cb,,"24,458.5995789 ETH",0.02000291%,2
0xdc83adb3d66938bcd8e1b9a6add8d370aa738410,,"24,362.14 ETH",0.01992402%,2
0x7a5e99e67d6a5e8995f93d90d34ccb4b58524585,,"24,280.69030769 ETH",0.01985741%,1
0xebec795c9c8bbd61ffc14a6662944748f299cacf,Fee Recipient: 0xeBe...Acf,"24,269.5462015 ETH",0.01984829%,"174,014"
0x4caab33b374048d87f8e7f383f88bd8f08b93440,,"24,268.97508915 ETH",0.01984783%,2
0x15e34a8324164ef0890471f6f527451f7a22cf12,,"24,099.99687707 ETH",0.01970963%,6
0x17a96a2103c69c8d283bd8b229938bf339d67364,,"23,974.87499096 ETH",0.01960730%,1
0xf4e11b89519eccd988a56749f1c64ad9bfe0298f,Prime Trust: Legacy MultiSig 1,"23,777.72736702 ETH",0.01944607%,252
0x0b691757950dc0781c0a56b7ce6741f04b04c977,,"23,768.57148636 ETH",0.01943858%,1
0xa4ba59edffeb8bf4036907b3cd2bc4da8c90f5c5,,"23,758.11348603 ETH",0.01943003%,1
0x3d8fc1cffaa110f7a7f9f8bc237b73d54c4abf61,Uphold 2,"11,498.06762659 ETH",0.00940343%,"30,322"
0xd3738b7c4fc14fdf4d79a7563a71d17bbd2d6326,,"11,484.61309002 ETH",0.00939243%,4
0xe7df07f59156209acb4e752a9f6f11844f93b722,,"11,475.01526512 ETH",0.00938458%,1
0xd9083169f5e771ed7c17920c611da1e0a71a1505,,"11,462.64643396 ETH",0.00937446%,41
0xf1dcfa0837faa2a0ced8849cb3bf312e163ce412,,"11,426 ETH",0.00934449%,1
0x070aae112e45bccacce47586bddefc8b240f9eff,,"11,393.222866 ETH",0.00931769%,43
0x8f728ca3561edf7b015a0b972f8b6fb04db89e2e,,"11,343 ETH",0.00927661%,1
0xc40cc765114393aeeaae82b74d021b61a0c11409,,"11,300 ETH",0.00924145%,1
0x992271b5015274cd7cc934860695f7599cd930f8,,"11,296.55005244 ETH",0.00923863%,1
0x96351a787be9d1787ab47be436877723dc4199c4,,"11,295.89003279 ETH",0.00923809%,39
0x56a9cf3df976e18727c624eb63e5cedfc045589d,,"11,290.62660785 ETH",0.00923378%,19
0xc074775b0bb41d2a12ff3e29baf97018ea612ed4,,"11,269.03386032 ETH",0.00921612%,8
0x9b0c45d46d386cedd98873168c36efd0dcba8d46,Revolut 3,"11,209.65718167 ETH",0.00916756%,"7,469"
0xb9d7934878b5fb9610b3fe8a5e441e8fad7e293f,Lido: Withdrawal Vault,"11,195.04268046 ETH",0.00915561%,6
0x4976a4a02f38326660d17bf34b431dc6e2eb2327,Binance 20,"11,145.73674619 ETH",0.00911529%,"4,154,205"
0x4daf24cb5ac80f56df1c342f77fe3f5a364645ed,,"11,145.46691064 ETH",0.00911507%,2
0xf7a350f9755eb6601d31803fa32bbd5f710dfc8c,,"11,143.51036371 ETH",0.00911347%,1
0x086617a910e1ddc1291a26cf65f0ee5746f848d8,,"11,130.55893075 ETH",0.00910287%,3
0x21786202e5a25e5cca759939c7d56d428dbee352,,"11,103.99703011 ETH",0.00908115%,10
0x0e8eeb6759e0117200b472e054a6cd61f7777f3b,,"11,102.35793603 ETH",0.00907981%,1
0xd588e4102dff8f517d5875fe8a6befce6d501054,,"11,064.60243133 ETH",0.00904893%,1
0xbac101a6c81533e718a285a02280d4952ddd5b06,,"11,057 ETH",0.00904271%,1
0x78605df79524164911c144801f41e9811b7db73d,Mantle: Treasury,"11,047.14854103 ETH",0.00903466%,499
0x051c81439b93de85d31a185c77f44e3d4bee8585,,"11,027.037249 ETH",0.00901821%,9
0x1395c7153b531d3b2d53834cf3aee70b919f6fd4,,"11,017.207559 ETH",0.00901017%,2
0xd4f60a1a59e93368d265c8eedb05741e726c6d25,,"11,016.04956662 ETH",0.00900922%,"1,223"
0x6ba7843b25869a7a2570eebca10d5fd7192c81f9,,"11,011.547 ETH",0.00900554%,7
0xd821a193b7e97adc2ff3d3d72705d172d36856e5,,"11,004.91696266 ETH",0.00900012%,2
0x3b181838ae9db831c17237fabd7c10801dd49fcd,,"11,003.49899026 ETH",0.00899896%,30
0xe93f42c02ca3a26969ec5bc6d02e6cc646ed11f3,,"11,000.41901586 ETH",0.00899644%,10
0x4dac9b0a16e8c81d692a30c621763df7248db6f0,,"11,000 ETH",0.00899610%,1
0xb628441794cd41484be092b3b5f4b2ff7271eb60,,"10,990.10201369 ETH",0.00898800%,1
0x61eec652fbda4490772e71e2300db540e3d267ac,,"10,983.87907661 ETH",0.00898291%,7
0x2f23642c614d0c2920681a4c03b8b880c72709aa,,"10,959.5738 ETH",0.00896304%,2
0xa2c0f1083ea1c5279a0111d8886989fb5299d483,,"10,943.75683556 ETH",0.00895010%,127
0xa2ce66f2706c8ecc3b1b8a80bb050b156fff9b08,,"10,909.46264745 ETH",0.00892205%,1
0x5d48ae24e96ca893e7de05a277d6a90c35588e5f,,"10,900.01 ETH",0.00891432%,2
0x07d7a1d64e35e69241a1519ea6bc1e09f66c99e9,,"10,900 ETH",0.00891432%,1
0x2bce681cb725bb848ec82c28f848ab1454073471,,"10,900 ETH",0.00891432%,1
0xd42a5ba156f6f2747652740620ed642b0aa02fe9,,"10,900 ETH",0.00891432%,1
0x2555ef4fe1005af6d870b4af4cb39521326ff67e,,"10,899.9807346 ETH",0.00891430%,1
0xb1744815cf2decb53d4a38080a5eb5fe9cc9e77c,,"10,878 ETH",0.00889632%,1
0x4bbd78a6dbea8dc5f5b0ca5117c82e3cc0eb5875,,"10,852.53071219 ETH",0.00887549%,5
0x781229c7a798c33ec788520a6bbe12a79ed657fc,Zonda 2,"10,845.95091132 ETH",0.00887011%,"26,059"
0xb213de7b1ea2e7fe5870b96d279d4d721df8fa9d,,"10,800.00776897 ETH",0.00883254%,9
0x4d31998c8a4d00648d4db75982e8dfbbeb0af313,,"10,800 ETH",0.00883253%,1
0x75ba1ce57ce55ae3ab8a83f333449ad3b63de8b3,,"10,800 ETH",0.00883253%,1
0xa7165b9ea2ab66a9b3a5a8a176d715c9a463fbd5,,"10,800 ETH",0.00883253%,1
0xd3317f334db5106feb8d5e13433d4c6ab906a304,,"10,800 ETH",0.00883253%,1
0xe467cdab8ed6d14baf2742352891fb16a9f76736,,"10,800 ETH",0.00883253%,1
0x905315602ed9a854e325f692ff82f58799beab57,Alpha Homora V2 Exploiter,"10,789.15363551 ETH",0.00882366%,74
0xe121e595ac1b8ed3ca10cd7ec7b7f2d48cbaf2d2,,"10,785.95858748 ETH",0.00882105%,1
0xf250b4acd5855362df708771ddf7280e8e4167b7,,"10,757.29301107 ETH",0.00879761%,1
0xc333e80ef2dec2805f239e3f1e810612d294f771,,"10,749.53130194 ETH",0.00879126%,"101,490"
0x9869654e97ca713e8ef715c6aae21296b3e07255,,"10,738.73726984 ETH",0.00878243%,21
0xff762fa809eb3acc6dd3e25bccb8aaa80f8947e0,,"10,729.5516926 ETH",0.00877492%,36
0xcd08bedee338bf69f38ef49ba64d88043a2d1953,,"10,706.81448664 ETH",0.00875632%,54
0x152876abd0edf56845dba1e714379faadad5060a,,"10,700.969748 ETH",0.00875154%,1
0xea74e036762f560661550372f5abcf937c3a8585,,"10,699.969874 ETH",0.00875073%,1
0x33d7bae275f7f92f55ba569113220520c930bfbf,,"10,698 ETH",0.00874912%,1
0xbf43cbd9b7784a744d5705a2e8365ee96a3120fc,,"10,627.75520555 ETH",0.00869167%,8
0xff575a22975cc413771825eb84c163189a4d5d22,,"10,624.81385228 ETH",0.00868926%,13
0x4fa6689b94a433a45b7ea5737327b93eb3caca7c,,"10,619.43769193 ETH",0.00868486%,17
0xf939ab194400da7d12b5def3f753b1423e6a45e3,,"10,600 ETH",0.00866897%,1
0x1692e170361cefd1eb7240ec13d048fd9af6d667,KuCoin 5,"10,597.15164702 ETH",0.00866664%,"4,371"
0x198da095ca056c066e838eeef10caedbd81a5a08,,"10,580.5700433 ETH",0.00865308%,8
0x68084eac915e3429320ed6574811a0ea2873427c,,"10,572.41304636 ETH",0.00864641%,1
0xbb077ebe177c8f8259914f95ac1512842eea2023,,"10,571.20599371 ETH",0.00864542%,1
0x75fbd58ba18c80955bbb4c9fd46b83dc6bb68980,,"10,551 ETH",0.00862889%,20
0x3f35f4569cd0db7c3aa29cfa1732482f2a1a29f9,,"10,547.88839668 ETH",0.00862635%,21
0xd03be958e6b8da2d28ac8231a2291d6e4f0a7ea7,Korbit 4,"10,544.23054298 ETH",0.00862336%,35
0xdebe82c106bc7357d7867a7781c4d45d30b2a4cb,,"10,537.99585 ETH",0.00861826%,2
0xdaa7143682fe59f6d2d541ff285d44b0ae3d37a2,,"10,518.94346559 ETH",0.00860268%,36
0xb8e6d31e7b212b2b7250ee9c26c56cebbfbe6b23,KuCoin 15,"10,500.60888859 ETH",0.00858768%,150
0xa43680f780c176216ec4d374dd1ebe229ecb07aa,,"10,437.01191325 ETH",0.00853567%,5
0x8740ebf35c08627dac6a8ccb0310aa920e0e66a1,,"10,424.97875467 ETH",0.00852583%,1
0xdf1fc5523f2e5ea4f6dac2eaed3263953a391b0c,,"10,414.56792654 ETH",0.00851732%,243
0x52d2083771c8a53b2315b136681bc8ec22e1176d,,"10,407.2803195 ETH",0.00851136%,1
0x48ec5560bfd59b95859965cce48cc244cfdf6b0c,Bitstamp: Wallet,"10,407.13727531 ETH",0.00851124%,"283,450"
0x3136ed252d6ec340c7d2fb1285c15add1fd4e0fa,,"10,406.62176936 ETH",0.00851082%,147
0x5fd8c3245ce27d3bf9af05c2106d622163793c83,,"10,400.55453265 ETH",0.00850586%,53
0x3846aed50a2ed5959a4ea897c32c97fc70881561,,"10,387.77241055 ETH",0.00849540%,7
0x7b90e8eb6525a8d6840a9e75e823903d77040b60,,"10,364.99427845 ETH",0.00847677%,7
0x4e7afcd30f2516724e6ba7ba82560eadb437c12c,,"10,359.26078806 ETH",0.00847208%,27
0x16da108374550fbd62dd732f9cd9bdb1d6c66c17,,"10,354.99722304 ETH",0.00846860%,28
0x7c4ca4405041200f34e2f211cdf276948e3360c8,,"10,344.98808005 ETH",0.00846041%,38
0xb702775182932110b614df8dd75c5a0c36da0274,,"10,339.13882167 ETH",0.00845563%,1
0xca19401610e2222f19cb9d47e53e9e29535e87e3,,"10,338.37770388 ETH",0.00845501%,3
0x5f397b62502e255f68382791947d54c4b2d37f09,Deribit 8,"10,337.44287996 ETH",0.00845424%,"1,470"
0x4adf44961a7cbe8ee46b2bf04e7198e879677825,Galaxy Digital: 0x4AD...825,"10,335.92722479 ETH",0.00845300%,"1,105"
0x6709842c12e713789f5706e0dc207921e0835d50,,"10,335.01091583 ETH",0.00845225%,3
0x146871534fbc39fd25328daedd9225d6ff0f2535,,"10,321.06327946 ETH",0.00844085%,1
0xa6e4173ec39b9c7468a23e71a0da11e6fb23e058,,"10,320.39268946 ETH",0.00844030%,2
0xd55fb029f7014d7faa23822c4af143e89ac8df5b,,"10,298 ETH",0.00842198%,3
0x055c8ebc495bc1363260544312cfaa9615f7fc14,,"10,297.29443447 ETH",0.00842141%,1
0xfd71c87da768207db2b8532cab368aad8cde9cc3,,"10,295.16108057 ETH",0.00841966%,1
0x9e7174cad1a3c8cc479f44c397438e7d53a2d874,,"10,294.38552258 ETH",0.00841903%,32
0xf6bc8361ef8df8db9987f492ca3b6c30185eb175,,"10,288.6887104 ETH",0.00841437%,4
0xd2f86bf2d5cb5871545430cee9f59a51ce57211b,,"10,281.0635506 ETH",0.00840813%,53
0xe02b10dfe0626307b44c184075e4ee831ea9b189,,"10,279.30622749 ETH",0.00840670%,27
0x782699c2eee62027e118c804537315d5d105c3aa,,"19,891.97840177 ETH",0.01626820%,3
0xcbad44d01ae887bd0295aebf4bb0c28abfc14a17,,"19,785.20307979 ETH",0.01618088%,6
0xfb90d21c9c40153a87058a98bc124529a0500537,,"19,764.3337 ETH",0.01616381%,1
0x7aad70f2d9a1b3e3c1c1db4ae1f1eb5c1e32ab6d,,"19,723.06241087 ETH",0.01613006%,14
0xc6ee35934229693529dc41d9bb71a2496658b88e,,"19,700 ETH",0.01611120%,3
0x8f509a90c2e47779ca408fe00d7a72e359229ada,,"19,681.110496 ETH",0.01609575%,87
0xe47e60f6b8b13c079e3c27e1f855a79e16ca8d54,,"19,310.05745629 ETH",0.01579229%,15
0xfb1f0e24e3df3e7165c17c668316d70e77563884,,"19,299.47655614 ETH",0.01578364%,4
0x997114ca0830e9bee7443368fa27f4af2d4e55a6,Plus Token Ponzi 2,"19,273.7792971 ETH",0.01576262%,56
0x07fe1752b74395ab1b71d94c46ee121d0a61a26d,,"19,229.6968169 ETH",0.01572657%,15
0xf51e589bdf6aabccbda45794329f7d0574931a82,,"18,999.72443231 ETH",0.01553849%,33
0xabea9132b05a70803a4e85094fd0e1800777fbef,zkSync,"18,973.6041661 ETH",0.01551713%,"1,931,282"
0x15e3d8a0123c33af7d91372e960dccd6b5bb2999,,"18,844.15823849 ETH",0.01541126%,31
0x7a8c531438daed6a8836025cf3566648c1d4a7c9,,"18,775.68 ETH",0.01535526%,2
0x170436fd915b5481612b5923e45054b6af25fa9d,,"18,753.07804962 ETH",0.01533678%,1
0xff9b84447ab2fad78ead48c080bfee9c6479c235,,"18,738.86166521 ETH",0.01532515%,5
0xb7574272dc4829c6ee6437bccd691e5735a2a9b5,,"18,727.15417428 ETH",0.01531558%,0
0x34780c209d5c575cc1c1ceb57af95d4d2a69ddcf,,"18,703.30860093 ETH",0.01529607%,84
0x147593c9875a11e9f4102974fd91fa825aa2eefe,,"18,647.15366203 ETH",0.01525015%,25
0x4a34fedf244fc3b38ec51cb18a1672dfd46b96ce,,"18,634.30205737 ETH",0.01523964%,2
0xc8519f29bd818a4f8da7c6b7c50b2a7cbc2131c0,,"18,595.57012603 ETH",0.01520796%,7
0xf546c8d069e9aa511cd8c11e0951714544a0479f,,"18,575.00000678 ETH",0.01519114%,5
0xd135913f966d874078822b06b50a645a665d9f6c,,"18,407.74802661 ETH",0.01505436%,40
0x6b74c3791c43b30d3822ffa70679b2a82e88f131,,"18,355.41556312 ETH",0.01501156%,1
0x818d106086958246cf57a6063eaa624481267d8e,,"18,348.18247278 ETH",0.01500564%,1
0x86523c87c8ec98c7539e2c58cd813ee9d1a08d96,,"18,318.86955467 ETH",0.01498167%,66
0x0c894f942833ceacd7dd71d7a040f518b338c67d,,"18,279.70843693 ETH",0.01494964%,2
0x117f55bf3c2e3bcdc7f308504480ee53f754a7ca,,"18,201.14340311 ETH",0.01488539%,55
0x53b36141490c419fa27ecabfeb8be1ecadc82431,Bitfinex 17,"18,139.48331812 ETH",0.01483496%,1
0x202bf49ff78a18f7f0e69679837384b3b6de765c,,"18,108.59374595 ETH",0.01480970%,17
0x03eb9a9d211ede0c540f2abe096584809de94e2c,,"18,105.97611243 ETH",0.01480756%,1
0x8798fabec480628d1c7ad9cfa4bcf6a619fed812,,"18,089.85297091 ETH",0.01479437%,11
0xaae3630edf4ad72bec20f930180cc02a566b8ad9,,"18,061.59692346 ETH",0.01477126%,1
0x8e2737d41082a03fd733e937497754512ad25fd0,,"17,983.99859624 ETH",0.01470780%,13
0xcddf488f1c826160ee832d4f1492f00cf8557ff6,Bitstamp 39,"17,909.48001114 ETH",0.01464686%,130
0xedcad026a5bcb6dacecb8501b8f1c86d6679450d,,"17,873.00613662 ETH",0.01461703%,9
0xaa06a9e8c44db313725f658a25f60df0ae5c1f72,,"17,871.15925918 ETH",0.01461552%,122
0xb671e841a8e6db528358ed385983892552ef422f,,"17,842.49996519 ETH",0.01459208%,"1,007"
0xb7e7435db2e0f3ff01dd683609d13a082e71e645,,"17,741.20442704 ETH",0.01450924%,1
0xea14f40846b429b6bdd013e95ac364fb1f0da051,,"17,741.20441494 ETH",0.01450924%,0
0xc124f5946415d3e33cde95c3f57dd6dc8f6d04b1,,"17,708.62411418 ETH",0.01448259%,83
0xde10c6efc46f751c962b647153d5cc777384f386,,"17,691.80114399 ETH",0.01446884%,4
0xaa124d00298d883d98f5983fa43fc5d7d8b367a2,,"17,527.28695258 ETH",0.01433429%,1
0xbe776ae2e62ed017fce5c7c9f4125626d4bc5ae9,,"17,502.24088993 ETH",0.01431381%,2
0xacc74cadb354cabc0ab780b046fdc0173719994f,,"17,473.41380567 ETH",0.01429023%,15
0xa646e29877d52b9e2de457eca09c724ff16d0a2b,Status: Research & Development MultiSig,"17,350.11000066 ETH",0.01418939%,241
0xdc81b4b18881535ae033d924e6c9719348bdd3b8,,"17,350.01 ETH",0.01418931%,1
0xe1d3a7d8d8168c0cb09ff8489c406b8c84b779f9,,"17,295.57150636 ETH",0.01414479%,1
0xa8801f5b6f32537ff5290825ec4b60edb5bc4ee1,,"17,267.96882 ETH",0.01412221%,1
0xb175e4b5458f125a6e96f0a146f20da656be5e88,,"17,252.70185607 ETH",0.01410973%,427
0xf09f5cfe1dbbff61ff5b3879a92668a8bfd6683d,,"17,222 ETH",0.01408462%,1
0x955a6fbca57c307da876f230f2ac0e1b15e88379,,"17,196.76101035 ETH",0.01406398%,2
0xa3c5836644cfe5fd1bbb68cf35c42cec6b634559,,"17,173.42797008 ETH",0.01404490%,337
0xa273834dd6c2b9959e83a1fc9afa64b56cc6d750,,"17,135.23595815 ETH",0.01401366%,1
0x97f20e77bbe03faee3279e474bcc78981f6b8677,,"17,127.05482323 ETH",0.01400697%,30
0x0f520e011280a6685b992d21da2138857391a387,,"17,037.96449394 ETH",0.01393411%,22
0x4a798625c037c7fa470571355e73943aef062fae,,"17,012.78687087 ETH",0.01391352%,113
0x442491497f9ae22ce5a966cd9b85e1cc048847ac,,"17,001 ETH",0.01390388%,6
0x2a0c0dbecc7e4d658f48e01e3fa353f44050c208,IDEX,"16,991.98952093 ETH",0.01389651%,"9,789,368"
0x0cbdc0a4999a38ee9895d957133b3606a19700ec,,"16,919.75043598 ETH",0.01383743%,5
0x81bc4a018472cf6273c18941f6b34e247f313cda,,"16,880.19850588 ETH",0.01380508%,14
0xd9fb030a5bc34c07708609b1fbcf6c9d001eeb66,,"16,749.59117647 ETH",0.01369827%,2
0xb0fd2be29ed52fc0420070638da4075d88d94f48,,"16,732.56760463 ETH",0.01368435%,15
0x43c891df56dc60a0136cf0c64a0a205ff3b6bfad,,"16,694.306859 ETH",0.01365306%,2
0x014d63f0118576f6ef5a47b53b0f3f9efc5a5dd1,,"16,636.16958511 ETH",0.01360551%,2
0x100ae042ef0ea159ecc3513e9a378ff21f3829ba,Bullish 2,"16,607.8987552 ETH",0.01358239%,"20,383"
0x58edbd31cab461f3ba9f8f71b9e3b144da67fef1,,"16,604.39832373 ETH",0.01357953%,15
0xb040c766a8073fc341238bd21ca88d42b777b6ea,,"16,544.81123562 ETH",0.01353080%,3
0x36fdbe7005414fa1611330dc7e18725ed4a75600,,"16,510.00134603 ETH",0.01350233%,14
0xf364098e03d5c4a646154fc497793cafa5107de9,,"16,495.68602334 ETH",0.01349062%,3
0xc7cd9d874f93f2409f39a95987b3e3c738313925,Musiconomi: MultiSig,"16,475.53416533 ETH",0.01347414%,101
0xcfde76cea6c58ab70503db49c729717c9d0acbfb,,"16,466.34368174 ETH",0.01346662%,5
0x79ae275870d33b9c1786efae29241391a89f2f21,,"16,453.5077931 ETH",0.01345613%,58
0x651bbd829a7cbd32f35dfc099cbde1e04789393c,,"16,372.80812622 ETH",0.01339013%,95
0xfb52f9b1ea8e27e19a50cb85dbfa16e28961363d,,"16,231.1803267 ETH",0.01327430%,55
0x87eb003f08152b681294481dd874889877ccbaaf,,"16,203.82887193 ETH",0.01325193%,1
0x90006e8948045c49b6e6aa50897d8f4f9ad3b091,,"16,200.00000185 ETH",0.01324880%,2
0xc71a3d3a5a1ecc158384b59ad5e971d2c0a9dbcd,,"16,200 ETH",0.01324880%,1
0xcc2c15a7fec4958c71a5555807dff588d8517dd8,,"16,199.996 ETH",0.01324880%,3
0x6e02a9cbca1c9678a58541256ad532ee888ae3aa,,"16,199.2186974 ETH",0.01324816%,5
0x9cc64aabaa3d3859742c7cb22b0ce4b9e4e77875,,"16,193.22284191 ETH",0.01324326%,2
0xc12386613bcbf62be78ee80077a721e8cba3bc12,,"16,161.35360642 ETH",0.01321719%,1
0x02ee13ffd5cf5e6731d4ceab28394074bb185f61,,"16,160.8244516 ETH",0.01321676%,5
0x301ec789faf491c743b9120a594d652fd0f93982,,"16,155.18337856 ETH",0.01321215%,8
0x688dd446b595d5702e9dcb545c89261b1c0c7cc7,,"16,153.00778198 ETH",0.01321037%,1
0x33380c6fff5acd2651309629db9a71bf3f20c5ba,,"16,100.001 ETH",0.01316702%,3
0x3ddedbe48923fbf9e536bf9ffb0747c9cdd39eef,,"16,100.001 ETH",0.01316702%,3
0x30511832918d8034a7bee72ef2bfee440ecbbcf6,,"16,100 ETH",0.01316702%,2
0x25e50cab2185963446dfbe85cbbbdce47083bcfb,,"16,094.53257373 ETH",0.01316255%,1
0x6d1338ae291fa7cbbf74f1b18815005b5d060e0c,,"16,093.78784328 ETH",0.01316194%,1
0x3ab6a1687c1205cd9da74f079c84deb3369a6124,,"16,055.177559 ETH",0.01313036%,2
0xd28c567f1b52119b32a3af6066c36149c2f86d12,,"16,054.7091638 ETH",0.01312998%,55
0x7879a9a2e67becd33ea97c8597ca249bbee54fac,,"16,048.36764612 ETH",0.01312479%,1
0x50cde33eb1dbd3624529f2968e4443dd8fbc1811,,"16,047.21837973 ETH",0.01312385%,2
0xf5b4386394cb52999d43517bf89acb4fe902fa09,,"16,046.79119835 ETH",0.01312350%,1
0xf1556137e7f45817e774096c5922f32c68ab15ae,BlockFi 7,"16,042.95800137 ETH",0.01312037%,"1,901"
0x075b440d4d92aaf2b66f1365b81a508ecd25a40d,,"16,029.61202328 ETH",0.01310945%,3
0xda50ba5e12c01bbef277bb7261c61c5f56a77c26,,"16,023.814159 ETH",0.01310471%,2
0x065ca01cbe3a4c16d291cad834f644344c24cf4e,,"16,000.63373754 ETH",0.01308575%,38
0x8e352419a619e51b582399872dc41f9bbeb1f637,,"16,000.00583677 ETH",0.01308524%,19
0x8f1ef2c70a61cae8dd54d25be7b44c2e581c6b33,,"12,300 ETH",0.01005927%,1
0xba141724e6c5f43cfbf050e0694fe3065f976aab,,"12,300 ETH",0.01005927%,1
0xdeeecdb8bd3b451d854459eab41116faa81b2fcc,,"12,300 ETH",0.01005927%,1
0xea039cf1857bd0e14919c4ef1a8b332a83110bff,,"12,300 ETH",0.01005927%,1
0x79ae5dcd42a1fe24e63ef15296a73dd6c5e5dd16,,"12,299.9877346 ETH",0.01005926%,2
0x56ee86ef8298cd7d69b2184af6b36322b467592d,,"12,299.9807346 ETH",0.01005926%,1
0x0cd76cd43992c665fdc2d8ac91b935ca3165e782,Bitfinex 18,"12,284.33645009 ETH",0.01004646%,1
0xce0545778ba51d4ffb8fb0c323a668c6ea42bee6,,"12,283.54718354 ETH",0.01004582%,84
0xcfbe3d32e3d8b94001b90a39be9e49cbdffa83f8,,"12,229.811559 ETH",0.01000187%,2
0xdf7516a977b7485a68a17cb98961fdc3d97c71b9,,"12,210.9111436 ETH",0.00998641%,81
0x1a46ca4be161e5d4cad714602a22c9b7fbba7fb2,,"12,200 ETH",0.00997749%,1
0x3775234f636d6b2f56549fe60adeeb58eccf504c,,"12,200 ETH",0.00997749%,1
0xba7886228addf36f8e9d477d0ba61366d6e4dda6,,"12,200 ETH",0.00997749%,1
0x21346283a31a5ad10fa64377e77a8900ac12d469,iEXEC: MultiSig,"12,199.92794052 ETH",0.00997743%,176
0x7f34f6f298318c635256be78edcfae096137b4cb,,"12,199.88987606 ETH",0.00997740%,1
0xe6b098d9d642fd9ef8ce85dcd97afce21f0c6348,,"12,196.70859435 ETH",0.00997480%,11
0xcafeabed7e0653afe9674a3ad862b78db3f36e60,,"12,187.84865142 ETH",0.00996755%,1
0xe2f455993c24f6c0d49d30c1e56de95d314a0a6a,,"12,165.53213808 ETH",0.00994930%,9
0xa408e7e8fc70ded5c9453f401901f744df6d7b11,,"12,146.66163674 ETH",0.00993387%,26
0xcb979b2246c7bcdaca2c241bf3cea2c547cf671c,,"12,128.38915696 ETH",0.00991893%,1
0x85a8e39fed50efde8310fab6cddc0b68d767f018,,"12,095.53336306 ETH",0.00989206%,1
0x3f08f17973ab4124c73200135e2b675ab2d263d9,,"12,056.85392411 ETH",0.00986042%,"3,323"
0x214984f6f8b4197a9a32159ed17b72650331538a,,"12,021.95139316 ETH",0.00983188%,11
0x76c3d516bc86f63c875c34c265a443dc83aae633,,"12,019.21103473 ETH",0.00982964%,29
0x03b51bf1e67f976107ce9446f5694ca1685e6c5a,,"12,006.88866528 ETH",0.00981956%,2
0x31fc4616ab86a2eb61eb8189abbdbffae23a5fcf,,"12,001.49436494 ETH",0.00981515%,2
0xf7f741e29828da8500a5daae6a348008fe3a5816,,"12,000.51057723 ETH",0.00981434%,46
0x4069d5d58ac8a6c8610094bef5f165acd92e70db,,"12,000 ETH",0.00981393%,1
0x0e6dfd553b2e873d2aec15bd5fbb3f8472d8d394,,"12,000 ETH",0.00981393%,2
0x41ba4da465f2c9de9adf70fb7a91e510778e9af7,,"12,000 ETH",0.00981393%,1
0xb5eb74cc4dc944f0da9566fa44b7412ec312f3fe,,"12,000 ETH",0.00981393%,1
0x370c09b18dbe03cefe4dfd47a8a5392ecf9961da,,"11,999.997 ETH",0.00981392%,7
0x8707d70c64007a1f095bcda3fbd3f6fbd97089e8,,"11,999.996325 ETH",0.00981392%,3
0x933c0cf95e7be11d06c3bafad128c1993b1df476,,"11,999.9901 ETH",0.00981392%,4
0x3bd664377f17c95818ca8a51b2ca9c94054946c7,,"11,995.60187851 ETH",0.00981033%,58
0xbdc6384ef4ead1ea9bf2a82390f2ede46baf1aef,,"11,960 ETH",0.00978121%,1
0x9e631e208b2b711f42fb43004897e28891ec7c49,,"11,952.37717094 ETH",0.00977498%,1
0x9fb78e222c3a2e05836aecd1cbc2cdb1847cbaf5,,"11,951.05304798 ETH",0.00977390%,1
0xeece9cd7abd1cc84d9dfc7493e7e68079e47ea73,,"11,944.52511952 ETH",0.00976856%,"4,693"
0xc451f2f0a9348a6bc1c483ad0ca46d7bc872d628,,"11,942.9860118 ETH",0.00976730%,2
0xe5928c550b8d5b196db62687bef741ed627907fc,,"11,942.08958414 ETH",0.00976657%,53
0xac4fb4951a82a7220f803768aa0bf7f7ae588289,,"11,939.994 ETH",0.00976485%,3
0x1ad9443a38be75b2ffd191167fa6c3b13629fe13,,"11,913.374659 ETH",0.00974308%,2
0x0b3fb306e59bf5a2740b452c27717f79756b48e5,,"11,900 ETH",0.00973214%,1
0x182e1259ef6ee45dc811132ef4ba5871f1536822,Bitstamp 12,"11,900 ETH",0.00973214%,0
0x52676741724fb7e9700135164affbec7a20c1aa0,,"11,900 ETH",0.00973214%,1
0x5ddaea1d0c93e6489d2c1ff4e28b7e44e2a0f81d,,"11,900 ETH",0.00973214%,1
0x3ad2fcd6a2ce246e890826c9bcca20f06ce11083,,"11,884.01 ETH",0.00971907%,1
0xd39988dd92ffd85b9ee2b6d05148140b0b9cdee6,,"11,879.17588543 ETH",0.00971511%,168
0x37668560ee719c397af89c5849d00c3c262246a7,,"11,876.855559 ETH",0.00971322%,2
0xcf8bbeccf495ad0127c32eb0b284b85d891eee7a,,"11,866.96044035 ETH",0.00970512%,52
0x581ac42783f3e6b273da01da3c7576acf8fc0d47,,"11,840.63718358 ETH",0.00968359%,1
0xa6dc7bc50eed59fc7eb15089dfc7d163809d1bad,,"11,800 ETH",0.00965036%,1
0xca02c1155311ffe056b6337c3fc06dac339c3a86,,"11,791.85229721 ETH",0.00964370%,623
0xaf3aa7b4cecb92995cd240a849c9dae70e09186d,,"11,781.267 ETH",0.00963504%,2
0x26a18533dfa961bc2fd550184fe7e256925cc3d4,,"11,774 ETH",0.00962910%,1
0xfd0bcb76f5fce547c7e783c85205442891f4b743,,"11,757 ETH",0.00961519%,1
0xb00394c071f1835fd3561a51c97869acdb229066,,"11,746.19426374 ETH",0.00960636%,1
0x8bcbccfc6736c61fdbe6791453564ef432241b53,,"11,740.77894571 ETH",0.00960193%,19
0xffd39d27e7cdc53c1a9c74013e6e1c2df1f27bf1,,"11,739.93341753 ETH",0.00960124%,1
0x7010aec5af99fecaa716020ce52752ef07feedb9,,"11,721.979084 ETH",0.00958655%,1
0x168ae36b4386cea14475faa41498a0ea63c67dd7,,"11,717.21571973 ETH",0.00958266%,36
0x4368931747571cb8c28b4dd1183ef5db5a51a2c8,,"11,700.002 ETH",0.00956858%,2
0x6c3200e8b067ec14e737da32fae6d902116ab50d,,"11,700 ETH",0.00956858%,1
0x06f87b41d828fa6aae07c1ac85f46e827f456977,,"11,700 ETH",0.00956858%,1
0x3b613f088ed67b239df4ea5468f00ce66b2b65bb,,"11,700 ETH",0.00956858%,1
0x9cdbd99e66966ec0015f016a19d31c5159e1ec81,,"11,700 ETH",0.00956858%,1
0x69b88cc44ca70008237017a5c8d7161bef0ec043,,"11,699.992 ETH",0.00956857%,3
0x12da64f9c7b4e9a73f9e177cd18c40cf307306f4,,"11,665.80232548 ETH",0.00954061%,8
0x8d4878c44f18fc8b4c77727c4f3bc9cf3e657057,,"11,652.92216393 ETH",0.00953008%,3
0xbfc9c5878245fb9fe49c688a9c554cba1fae71fa,,"11,650.08162532 ETH",0.00952775%,14
0x9239d6a502f305a19a106847f31ae19b6e16b723,,"11,641.25175095 ETH",0.00952053%,1
0xc07582a7d47aa748de45b526839a4ed505c6c370,,"11,628.465924 ETH",0.00951008%,13
0xcc5e414f1e06a74e707a8fcca0438448f5353e3e,,"11,620.569559 ETH",0.00950362%,2
0x1b3cc8c6ed708c7cb4dd5afb97543538e176bbe3,,"11,616.58290493 ETH",0.00950036%,2
0x7d90adce222e1d67e8e07df57546f4e23e34d6e6,,"11,616.492559 ETH",0.00950028%,2
0x8df36a20fbaeaab4a247022d9bf9a47cc912035c,,"11,611.927031 ETH",0.00949655%,26
0x21692f8e636c3a79f7ebc8fb9df787f1c5a21a1a,,"11,600.001 ETH",0.00948680%,2
0xf732ccc723213d4bfc346bd346b51f150361cd79,,"11,600.001 ETH",0.00948680%,2
0x24a9a53931193bca84e1683474a5180fa8ee71bd,,"11,600 ETH",0.00948680%,1
0x534ffeaf23a8672b0a54c245aa1f80300670e246,,"11,600 ETH",0.00948680%,1
0x9ddcd8501e1db8dae8dcee323b1537d99d5ef14c,,"11,600 ETH",0.00948680%,1
0xa00776491b80e483789e620fe81658a120ee65a5,,"11,599.998908 ETH",0.00948679%,4
0x910ca28755b776a7acd02503b3b405f7a48874ba,,"11,599.995 ETH",0.00948679%,3
0x0d1ec2169de51e05cfeb9f7bc6e303cb7b55a585,,"11,599.993 ETH",0.00948679%,3
0x49c737359364809b86ac0c482542210f433b79fb,,"11,579.726451 ETH",0.00947021%,11
0xcb54c301ab3ff4aa1bc38c979427360f47369633,,"11,578 ETH",0.00946880%,1
0x20fcb7b4e103ec482645e15715c8a2e7a437fbd6,,"11,558.14313074 ETH",0.00945256%,2
0xf42c318dbfbaab0eee040279c6a2588fa01a961d,,"11,539.5 ETH",0.00943732%,"4,776"
0xb8901acb165ed027e32754e0ffe830802919727f,Hop Protocol: Ethereum Bridge,"11,532.8093891 ETH",0.00943184%,"1,213,865"
0x0e2f20bbb63826b87ef1a6c8ff5d5d499e804302,,"11,529.31774982 ETH",0.00942899%,1
0x354e1b45f31865132ca1c954c5b2ec9aa87c7fa8,,"11,509.16292239 ETH",0.00941251%,247
0x940d49beb1e89ddaeff286e22c7cbed39190cb24,,"11,500 ETH",0.00940501%,1
0x050f910ae80022f5b1df75b6907584090daf8e94,,"11,500 ETH",0.00940501%,1
0x33fef238dc09bddfdc733b42451f98276e5e5985,,"11,500 ETH",0.00940501%,1
0x4a80c83a138fb21f54cb1b55d0ffcc6254bb53dd,,"11,500 ETH",0.00940501%,1
0xc53217a9c7eadbbf52b1515b9eb8f6d1b6fb6860,,"11,500 ETH",0.00940501%,1
0xede60080bd1407a65823c1001fd56aa9a3a3c4c4,,"11,500 ETH",0.00940501%,1
0xf5e122b93a6e2cf2b5d09b525780eb71b2a1b3d0,,"11,500 ETH",0.00940501%,1
0x56eddb7aa87536c09ccc2793473599fd21a8b17f,Binance 17,"11,499.83270488 ETH",0.00940488%,"6,740,357"
0x0afbaf9dd49d5d7b32bc196a1d5fdf0a611f60ac,,"52,236.27868104 ETH",0.04272025%,23
0x2fb6db0fc654925ae4aad32ef06aa2b4a5684dda,,"52,236.27868104 ETH",0.04272025%,12
0x7df24e36497dc9f6edea0a024a595a930049ee47,,"52,236.27868104 ETH",0.04272025%,17
0xaacdeeab334a8fd81baae72bc34274d1e57227a7,,"52,236.27868104 ETH",0.04272025%,16
0xe5bb1523743d3a3c1eb6682060e3c3b0041db563,,"52,236.27868104 ETH",0.04272025%,24
0x991a7ff3cb20d5b5d6d9be5efec4e4c51cddad7a,,"52,170.1297478 ETH",0.04266615%,25
0xc882b111a75c0c657fc507c04fbfcd2cc984f071,Gate.io 5,"51,419.66681385 ETH",0.04205240%,"1,739"
0x1b8766d041567eed306940c587e21c06ab968663,Bitfinex 14,"51,377.30143861 ETH",0.04201775%,24
0x795cbc7a670d06e56cd2197d4ca175e081a416ad,,"51,251.99278797 ETH",0.04191527%,69
0xc54cb22944f2be476e02decfcd7e3e7d3e15a8fb,,"51,198.55325912 ETH",0.04187157%,"3,189"
0xd49a1525b46f9149ff665807c925bd83b5a6d7e3,,"51,111.95758764 ETH",0.04180075%,34
0xe3ecd65cf2ad2eba2aa2be1d0894753b2172abd1,,"50,927.55469342 ETH",0.04164994%,432
0xceffc7330317f72957c662d072a5e7d63b9b578c,,"50,399.93896064 ETH",0.04121844%,9
0x50cb0508434b4c68a2c4fde30b02b269d2d5b6bd,,"50,005.98478689 ETH",0.04089625%,8
0x50bd66bfddf48b8914602bf51c93756731ec51ae,,"50,001.00561846 ETH",0.04089218%,7
0x5a03703125380cfda804446fdaa3b4064cb6cc0a,,"50,000.89 ETH",0.04089209%,3
0x6220d7a458a68d6a554e5904792049fd2ef6bbcc,,"50,000.419059 ETH",0.04089170%,5
0x07f1d450b16e53302931c5362ee0ab41f2978541,,"50,000.150118 ETH",0.04089148%,4
0x98ec059dc3adfbdd63429454aeb0c990fba4a128,OKX 6,"50,000.10856897 ETH",0.04089145%,67
0xc97b6e3e4301617f617b23120f31303e8ccee606,,"50,000.01556724 ETH",0.04089137%,4
0x565b8fbf9336bec8fbfb4f78fbf30d7f70d6973b,,"50,000.012559 ETH",0.04089137%,3
0xe780a56306ba1e6bb331952c22539b858af9f77d,,"50,000.00001563 ETH",0.04089136%,4
0x6b378be3c9642ccf25b1a27facb8ace24ac34a12,Deribit 5,"49,999.99958 ETH",0.04089136%,11
0xa18eb0ed2543be132ef5aa3c8a87a0f5b2e30fca,,"49,996.54870979 ETH",0.04088854%,6
0x46f80018211d5cbbc988e853a8683501fca4ee9b,BtcTurk: Cold 1,"49,817.34756629 ETH",0.04074198%,"3,315"
0x4399f61795d3e50096e236a6d31ab24470c99fd5,,"49,683.3645 ETH",0.04063241%,836
0xee471215e428c08ba69751627e5f6761bba7ae18,,"49,506.45140688 ETH",0.04048772%,22
0x1e747fb111ba949af397b15cbceb424d3f19d8a6,,"49,371.02111049 ETH",0.04037696%,3
0xe25a329d385f77df5d4ed56265babe2b99a5436e,Paxos: Treasury,"48,930.30062239 ETH",0.04001653%,"53,191"
0x7442041898dc3f8ed76fa4e00a762064c87991c8,,"48,746.20442194 ETH",0.03986597%,5
0x3d9256ad37128e9f47b34a82e06e981719477c18,,"48,393.27584869 ETH",0.03957734%,"3,482"
0xcfee6efec3471874022e205f4894733c42cbbf64,Deribit 7,"47,489.99895 ETH",0.03883861%,14
0xa7efae728d2936e78bda97dc267687568dd593f3,OKX 3,"47,228.45783393 ETH",0.03862472%,"3,801,038"
0x2eb08efb9e10d9f56e46938f28c13ecb33f67b15,,"47,070.84388679 ETH",0.03849581%,50
0xbf94f0ac752c739f623c463b5210a7fb2cbb420b,OKX 24,"46,787.55071665 ETH",0.03826413%,"1,904,105"
0xf7858da8a6617f7c6d0ff2bcafdb6d2eedf64840,OKX 25,"46,298.26661788 ETH",0.03786398%,"1,912,421"
0x40638e9fe6005d9c1f8b7a7b4dec086707fdc84d,,"46,276.12817308 ETH",0.03784587%,242
0xd4018ce9a041a9c110a9d0383d2b5e1c66ae1513,,"46,249.87303669 ETH",0.03782440%,0
0x8c1fe06904a6e642b1e8c66b3ee7fac83cc46873,,"46,150.81281664 ETH",0.03774339%,14
0x0c501d43206b97fa4300f1b0962742b4f938f70e,,"45,799.25315077 ETH",0.03745587%,"1,209"
0x6e29f75b0350fd0e85ee34a21ef94767b0186996,Stake.com 3,"45,762.00692861 ETH",0.03742541%,14
0xec5feafe210c12bfc9a5d05925a123f1e73fbef8,,"45,576.10247136 ETH",0.03727337%,57
0xf9a345948c9f31b225686ab8911140b0e2bcdca8,,"45,558.05891678 ETH",0.03725862%,26
0x6130611f7a65deb930bd0c0825af88078fcced43,Bitstamp 21,"45,016 ETH",0.03681531%,1
0x7f3a1e45f67e92c880e573b43379d71ee089db54,,"44,997.57824835 ETH",0.03680024%,244
0x7713974908be4bed47172370115e8b1219f4a5f0,,"44,976.5460997 ETH",0.03678304%,65
0x70773129aca50d298631283e137473ab8ffc0177,,"44,800.7606333 ETH",0.03663928%,1
0x42697cc8cb495aebd453d016950344867d51f27e,,"44,199.90117489 ETH",0.03614788%,2
0x1ac33f385a4e9fe2d809a81c5c10473f81ee0ed3,,"43,786.31010243 ETH",0.03580963%,13
0xa1e9f15baec5aa21ddb40ff0234d54c434810fa5,,"43,581.5790891 ETH",0.03564220%,8
0x97e813b9a81d097e60a5e6311bc9a475199b67ae,,"43,372.69656572 ETH",0.03547137%,268
0x49be8a0773824e2917f4baccebbdf298e7cf27bd,,"42,918.1814894 ETH",0.03509965%,15
0x90f9dff16f9efafeeb8b130dc5d3562ac5e76a96,,"42,837.21096466 ETH",0.03503343%,3
0xc76c7253592e27f090019f9949585366f799d6f7,,"42,467.20971434 ETH",0.03473084%,242
0x9168765ee952de7c6f8fc6fad5ec209b960b7622,Manta Pacific:  Escrow for ETH,"42,426.88418033 ETH",0.03469786%,"24,712"
0xee5b5b923ffce93a870b3104b7ca09c3db80047a,Bybit: Hot Wallet 4,"42,341.48514621 ETH",0.03462802%,"2,251"
0x093f6c270ac22ec240f0c6fd7414ea774ca8d3e5,,"42,201.78533357 ETH",0.03451377%,0
0x093c06ab7ffe19bd3efc8a55548bdf4285505577,,"41,435.75571734 ETH",0.03388729%,3
0xa0e239b0abf4582366adaff486ee268c848c4409,,"41,282.1941461 ETH",0.03376170%,44
0x3b9de915fce667b90f919075c4d10067b15192a9,,"41,251.26475008 ETH",0.03373640%,5
0x5696ae5ad2c22a4afc03bbae5bf18ca9278ae5c5,,"41,234.43395 ETH",0.03372264%,6
0xa3307fa292b7dd2c91218d5688556ff7eb1e5f88,,"41,045.14124326 ETH",0.03356783%,41
0x4b068fe2cee007a48db70b28047470ded49d6aba,,"41,040.33589786 ETH",0.03356390%,"2,069"
0xddbd2b932c763ba5b1b7ae3b362eac3e8d40121a,,"40,891.62685493 ETH",0.03344228%,43
0xf367ae3ec7941e5145eebe0a820da59a7df82012,,"40,791.24475103 ETH",0.03336019%,10
0x65f6db242a5eb6037ecbccb9fdcd9666fba8d1cc,,"40,773.01036863 ETH",0.03334528%,2
0x8729dc4831577d8a30e28e264d974745d9a92335,,"40,759.4616742 ETH",0.03333419%,5
0xd641651ed7e19a04ce536610d75b3dcaf427ad73,,"40,756.60607285 ETH",0.03333186%,166
0x37e3bc492735d3d84f2b126cffaf4f0a95bff049,,"40,635.65324137 ETH",0.03323294%,29
0x2641c2ded63a0c640629f5edf1189e0f53c06561,,"40,267.04788611 ETH",0.03293149%,1
0xe9405bd9845a488e4c5e5e6d972fea932e2e4a3c,,"40,199.99586851 ETH",0.03287665%,24
0xabdc9f1bcf4d19ee96591030e772c334302f7d83,,"40,110 ETH",0.03280305%,2
0x2dca0e449ab646dbdfd393a96662960bcab5ae1e,,"40,000.0033 ETH",0.03271309%,3
0x062448f804191128d71fc72e10a1d13bd7308e7e,Deribit 3,"39,999.97811715 ETH",0.03271307%,37
0xba9b0c7552e36900b434d4b593d0a4295cec36d0,,"39,998.98780663 ETH",0.03271226%,5
0xd72fcafc43706d5854d034bf25cb96a07465c435,,"39,711.91944 ETH",0.03247749%,5
0x790137e76f83acb16c100bddd2fa2cd2ba8a540f,,"38,742.24252337 ETH",0.03168446%,1
0xe825363f3bedabc95b2a9d42dbc73ec7b82b57d3,,"38,587.25468364 ETH",0.03155771%,109
0x3530210047414414622f66d8e76dc65efa4714c9,,"38,580.40351427 ETH",0.03155210%,5
0x78e3984e1ab1c3eb560cbd5b42b635e1cd341bc2,,"38,162.26900905 ETH",0.03121014%,29
0x93610880fb8f4f2a33931b403990d3536f73de5f,,"38,124.92425022 ETH",0.03117960%,0
0x397510f7c4909eb2c30959f1470ffad7eb3869dd,,"38,070.85537306 ETH",0.03113538%,87
0x06a0048079ec6571cd1b537418869cde6191d42d,Binance 29,"37,913.56194792 ETH",0.03100674%,6
0x04786aada9deea2150deab7b3b8911c309f5ed90,Gatecoin Hacker 4,"37,257.53286551 ETH",0.03047022%,60
0x59708733fbbf64378d9293ec56b977c011a08fd2,,"37,173.80720847 ETH",0.03040175%,14
0x1b1877fba975fa4cbb14bb28f2b51c21cfc6f477,,"36,982.79148534 ETH",0.03024553%,1
0x5a85aafa7fbca99ea32df27c33b14831feeb20f9,,"36,892.59184675 ETH",0.03017176%,14
0xefd04d371f346c04cec89568da832d45c5f1f3c6,,"36,728.17944587 ETH",0.03003730%,2
0x9f2a6fa34ad8f0e8acdc77c24573b0324de97166,,"36,276.55986684 ETH",0.02966796%,14
0x618c8f4771bb2fea91cc936a37d804863c6027d0,,"35,538.88916412 ETH",0.02906467%,1
0xc79104b157573a322338776f56946825b06bdae3,,"35,472.76757239 ETH",0.02901059%,1
0x64192819ac13ef72bf6b5ae239ac672b43a9af08,Axie Infinity: Ronin Bridge V2,"35,127.57856714 ETH",0.02872829%,"140,984"
0x0111c0ae7b04a773b6f73d7fe65006713678f0c7,,"35,000.00096986 ETH",0.02862395%,52
0x0aa688e6fe70ed7af4b18ebad588d5d7a553c958,,"34,938.61709242 ETH",0.02857375%,1
0x0b73f67a49273fc4b9a65dbd25d7d0918e734e63,Bitfinex 12,"34,740.37540505 ETH",0.02841162%,1
0xdc24316b9ae028f1497c275eb9192a3ea0f67022,Lido: Curve Liquidity Farming Pool Contract,"34,704.93826514 ETH",0.02838264%,"72,633"
0x6262998ced04146fa42253a5c0af90ca02dfd2a3,Crypto.com,"34,576.73688461 ETH",0.02827779%,"1,183,125"
0x379825f8da776b573a63404a5c499c8a379a131f,Bitstamp 15,"34,464 ETH",0.02818560%,4
0x08621b0c521f58075c067de155bd6862ae68e482,,"34,124.60927874 ETH",0.02790803%,5
0x184744fb0ae65515732b76b6480d01975009af1a,,"33,600.654 ETH",0.02747953%,1
0x36b6751586614d647d8a3f495e82bdcf250914c8,,"98,770.4615612 ETH",0.08077717%,64
0xe9a5a2acfa9bee149ed28fcbf12b60ff2ad97efb,,"98,770.46155551 ETH",0.08077717%,73
0xe93fc974908003faddf0bd972b05b6494368d3f5,,"98,770.46152561 ETH",0.08077717%,66
0x303c741bb15c9c4b1c72320f6df702b32da80519,,"98,770.46150952 ETH",0.08077717%,76
0x85ce6d7989c8133c31c8fab6a2d2c48a9d9273a1,,"98,251.91956335 ETH",0.08035309%,315
0x28140cb1ac771d4add91ee23788e50249c10263d,Bitfinex 16,"97,634.063475 ETH",0.07984779%,1
0x73af3bcf944a6559933396c1577b257e2054d935,Robinhood 6,"96,161.39612769 ETH",0.07864340%,328
0xc56fefd1028b0534bfadcdb580d3519b5586246e,Bitfinex 11,"95,263.26323519 ETH",0.07790888%,1
0xf196c023de1f19d6529133759f449c4b01ce0f51,,"94,923.81168363 ETH",0.07763127%,56
0x86a6a0080b1a4c9390416cf73ffb02738d94f8d6,,"93,032.0963108 ETH",0.07608418%,5
0x0dbd8de20eed94a5693d57998827fcf68ed2ecf4,,"92,500.11439622 ETH",0.07564911%,3
0x9030dcb01830eaa3d8ba285a824a05d8fb489ad0,,"92,228.15247683 ETH",0.07542669%,4
0xbddf00563c9abd25b576017f08c46982012f12be,,"91,968.97357207 ETH",0.07521472%,717
0x0ef3794802b55bc4464114c3df550430b53a3506,,"91,036.97361547 ETH",0.07445251%,35
0x807cc0e799dcc651d94595e1f7f6e7373ef8f96a,,"90,645.23803238 ETH",0.07413214%,58
0xa580e49df5d054d69cf1b2ef4af847c6e6f64d30,,"90,000.14556172 ETH",0.07360456%,6
0x9b07c94f1d39d24b68da8ff7c78adb8b70238a75,,"90,000.14537524 ETH",0.07360456%,5
0x22a54a1eb8c573bbf845dd1ff64c8df05502c1b0,,"90,000.14525116 ETH",0.07360456%,5
0xda29accfb77995bef70bcf6478a73e9acb07732d,,"90,000.14523203 ETH",0.07360456%,6
0xf29c6705f188526e0029a92ee6bc21ebc750b675,,"90,000.14519368 ETH",0.07360456%,5
0x03d615c04be905790dbef2df0472a2e901ccd810,,"90,000.14504802 ETH",0.07360456%,5
0x5d71f4d4f6048112a3b21433fbcfba5f1f39549f,,"90,000.13561225 ETH",0.07360456%,5
0x6fb8ebc19bc2a9fa4413ba6a0ca6fa99e974b461,,"89,854.99807324 ETH",0.07348586%,57
0x1bb762b16438f8b287626fd1042bc6f6848cc286,,"86,481.01573935 ETH",0.07072652%,3
0xad0d53cf033ab63dc72d653640766ee1d366cef6,,"85,968.12149774 ETH",0.07030706%,77
0xac08f21ef597a51865d69896f09b52472acde80d,,"85,968.12129032 ETH",0.07030706%,66
0x6586ce3d543e0c57b347f0c3b9eeed2f132c104f,,"84,999.99543887 ETH",0.06951531%,7
0x3f4ac8d3e1414b5351e632391908177c012c65cc,,"84,642.40751326 ETH",0.06922286%,72
0xbf4ed7b27f1d666546e30d74d50d173d20bca754,WithdrawDAO,"83,270.83161859 ETH",0.06810115%,"19,679"
0xb3764761e297d6f121e79c32a65829cd1ddb4d32,Multisig Exploit Hacker,"83,017.21222263 ETH",0.06789373%,73
0x1e547eb395ac9c3ec41704ba85777dbcdd359de5,,"82,698.77498791 ETH",0.06763330%,44
0x3727cfcbd85390bb11b3ff421878123adb866be8,Bitbank 2,"82,245.09079262 ETH",0.06726227%,"12,817"
0xb46427e2cddecb0bde40bf402361effddd4401e2,,"81,444.25827874 ETH",0.06660733%,6
0x2fd56159f4c8664a1de5c75e430338cfa58cd5b9,,"80,673.98765038 ETH",0.06597738%,63
0xa90aa5a93fa074de79306e44596109dc53e01410,,"80,540.53467984 ETH",0.06586824%,98
0xc39cc669a548c661dfa6b5a1eeaa389d1ec53143,,"80,000.0003811 ETH",0.06542617%,8
0x918fa381cb534677bad24afb29cb3c2acaf16385,,"79,340.38161726 ETH",0.06488672%,2
0xd2b0b1daed605718080f861034d3241f1cfd89cb,,"79,122.43024115 ETH",0.06470847%,2
0xfdfeb7474b6b104f32599948bb7f8ed81b06def3,,"77,735.85185577 ETH",0.06357449%,3
0x682aa4ecb9c8ea51b22433189e979cad3f958711,,"76,638.89730548 ETH",0.06267737%,11
0x0a8f6257ef3ed3efdd8dd18dd9294d3e333ad7fc,,"74,658.55986631 ETH",0.06105780%,76
0x7ced76dde9203a554df01cbb1ed0d17e9bce7524,,"74,658.55984982 ETH",0.06105780%,63
0x10cad69cbd241d36ed8c6d83a9f30b380134d1bc,,"74,658.55984111 ETH",0.06105780%,74
0x92f71d08f5ee94a7bf40fab05beda3545b55ad2a,,"74,658.55984031 ETH",0.06105780%,69
0x1b7b5b4bed048d86976d7cf51d9c4ea24e20ade7,,"74,658.55983231 ETH",0.06105780%,71
0x6b2069bde6b87d0f882abbdc6eb4fcbd0a90bb96,,"74,658.55983231 ETH",0.06105780%,74
0x831c3720681096f276cb016b51a33433d7cb2faa,,"74,658.55983231 ETH",0.06105780%,64
0xb3177d9873b7ac246874114d8760e66dc5e797cc,,"74,658.55983231 ETH",0.06105780%,69
0x9aabd298b30d034f8c64f86aa25fc74b9f70930f,,"72,013.49455367 ETH",0.05889459%,72
0x6774bcbd5cecef1336b5300fb5186a12ddd8b367,Scroll: L1 Scroll Messenger Proxy,"71,801.26698357 ETH",0.05872103%,"779,128"
0xe27f62b70ab44d7fd1842dce66138a31940fa29a,,"71,365.78137454 ETH",0.05836487%,73
0x755cdba6ae4f479f7164792b318b2a06c759833b,ExtraBalDaoWithdraw,"70,995.49726856 ETH",0.05806205%,"8,271"
0x11577a8a5baf1e25b9a2d89f39670f447d75c3cd,Fund: 0x115...3cD,"70,611.04271657 ETH",0.05774763%,190
0xd6216fc19db775df9774a6e33526131da7d19a2c,KuCoin 6,"70,452.87745592 ETH",0.05761828%,"10,345"
0x434587332cc35d33db75b93f4f27cc496c67a4db,,"70,236.4322745 ETH",0.05744126%,105
0xd69b0089d9ca950640f5dc9931a41a5965f00303,Gemini 7,"68,665.52513594 ETH",0.05615653%,187
0x1f72b240b6fffceba07bdaa097cc7b216a643a0f,,"67,666.36564924 ETH",0.05533939%,75
0x3fd6b1e25200fdda352cbc911ffcd4308895a7d0,,"67,666.36564924 ETH",0.05533939%,79
0x4e5fab20b7b83c6f557b20c820883eab0a0b343b,,"67,666.36564924 ETH",0.05533939%,82
0xd65d71e5ecccfcf72b84cad65370626e048d1b33,,"67,666.36564924 ETH",0.05533939%,70
0x54cee0ef273d3d08ed120b0c561c0284a4c4490e,,"67,560.20060861 ETH",0.05525257%,75
0xecef66258cc21cb742ac34c68375b311fd3f34cc,,"67,491.71031769 ETH",0.05519655%,140
0x92cf9066c657b1f63a7a2dc37255b31be6ef1858,,"67,395.88606149 ETH",0.05511819%,234
0xc4d5b7c576edfbac20fa081cff79ec745193e207,,"67,372.26115813 ETH",0.05509887%,222
0xd548dd6ccc7a563346372fa0d8cef06e1683b0e3,,"67,372.26114447 ETH",0.05509887%,231
0xcaaad25746a0e04a3c7eff86422991b00fd3d76a,,"67,372.25225631 ETH",0.05509886%,73
0x1e143b2588705dfea63a17f2032ca123df995ce0,,"67,317.25769198 ETH",0.05505388%,"20,826"
0x4920f22b632bfaa40af8d39c31d9607809485952,,"67,312.71205422 ETH",0.05505016%,4
0xad7f791974169973443c496eaa102f1a7842003d,,"66,919.48428623 ETH",0.05472857%,4
0x47029dc4f3922706bf670d335c45550cff4f6a35,,"65,857.53015923 ETH",0.05386008%,27
0x3bc643a841915a267ee067b580bd802a66001c1d,BTC Markets 1,"65,814.53655368 ETH",0.05382492%,343
0x282edab8a933bc1c02649fe3ea2842ecbe9928a7,,"65,006.10053615 ETH",0.05316375%,57
0x889edc2edab5f40e902b864ad4d7ade8e412f9b1,Lido: Withdrawal Queue,"63,780.08407603 ETH",0.05216109%,"73,603"
0xec6a76e74b9a5ad49eda0aa63b91c2c53cb65a9c,,"63,734.30124483 ETH",0.05212364%,4
0x742d35cc6634c0532925a3b844bc454e4438f44e,Bitfinex 2,"61,484.16461529 ETH",0.05028342%,"20,565"
0xae0ee0a63a2ce6baeeffe56e7714fb4efe48d419,Starknet: StarkGate ETH Bridge,"60,786.38237584 ETH",0.04971275%,"1,802,776"
0xe4f4866437513e7e023fb3933ba43045312b7459,,"60,078.61624477 ETH",0.04913392%,10
0x52e86988bd07447c596e9b0c7765f8500113104c,Mixin Network Exploiter 1,"59,807.71064036 ETH",0.04891237%,"10,113"
0x1342a001544b8b7ae4a5d374e33114c66d78bd5f,Gatecoin Hacker 2,"59,491.41000001 ETH",0.04865369%,40
0xd4914762f9bd566bd0882b71af5439c0476d2ff6,Gatecoin Hacker 1,"59,480.51000001 ETH",0.04864478%,42
0x5bcd25b6e044b97dfc941b9ec4b617ec10e1abcd,,"59,330.379954 ETH",0.04852200%,169
0x17e5545b11b468072283cee1f066a059fb0dbf24,,"59,155.39241492 ETH",0.04837889%,"2,372"
0xa43d2e05ed00c040c8422a88cb8ede921a539f92,,"59,013.14018512 ETH",0.04826255%,791
0x998a7fd73446cd6532bf3058a270581730b27137,,"58,938.03696535 ETH",0.04820113%,7
0x904cc2b2694ffa78f04708d6f7de205108213126,Deribit,"58,000 ETH",0.04743398%,8
0x693be1ea307e3b3826d34e96336399969898dee8,,"57,812.78317834 ETH",0.04728086%,3
0x8c3389616404fda275cfdba0c7b0b3d1fee9ebdc,,"57,624.53523649 ETH",0.04712691%,3
0x26648eb66f11fe2e9d7b874981e8eefe6567b9df,,"57,480.98317975 ETH",0.04700951%,114
0x7ac0d327c18dc46f603e127b89db0a5b749dc069,,"57,480.98317975 ETH",0.04700951%,20
0x51cab40a6895d2a5c092f3766b3b9830884b0adf,,"57,001.399 ETH",0.04661729%,2
0x1e2fcfd26d36183f1a5d90f0e6296915b02bcb40,Coinone 2,"56,817.57606756 ETH",0.04646696%,137
0x2842eb68fcd748e92acb44d82a9e315fc7dc650d,,"55,592.23618505 ETH",0.04546484%,2
0x999e77c988c4c1451d3b1c104a6cca7813a9946e,,"55,521.44764847 ETH",0.04540695%,94
0x05576087d1ad92873da0a3b76e7105195935b0f5,,"55,230.01533889 ETH",0.04516861%,3
0x7c2a289c0523e748c286a37570d2efc16d2c934e,,"55,000.553059 ETH",0.04498095%,5
0xb10edd6fa6067dba8d4326f1c8f0d1c791594f13,,"54,872.09758737 ETH",0.04487589%,"4,043"
0x5770815b0c2a09a43c9e5aecb7e2f3886075b605,SwissBorg 1,"53,549.56225916 ETH",0.04379429%,"86,383"
0xe3f53355cdbeaf2afafc4fc22be0a5c02570061a,,"53,242.56375101 ETH",0.04354321%,2
0xab90ed01b9f5e903b988856f09a14bb9f5413282,,"52,236.27868104 ETH",0.04272025%,2
0xdd0817f5c09013ab1a78c7943d4baed6bcf64548,,"52,236.27868104 ETH",0.04272025%,7
0x00000000219ab540356cbb839cbe05303d7705fa,Beacon Deposit Contract,"46,522,131.41071811 ETH",38.04706279%,"494,455"
0xc02aaa39b223fe8d0a0e5c4f27ead9083c756cc2,Wrapped Ether,"2,816,564.97503997 ETH",2.30346335%,"17,290,319"
0xbe0eb53f46cd790cd13851d5eff43d12404d33e8,Binance 7,"1,996,008.38544985 ETH",1.63238988%,"1,587"
0x8315177ab297ba92a06054ce80a67ed4dbd7ed3a,Arbitrum: Bridge,"1,777,867.14423693 ETH",1.45398804%,37
0x40b38765696e3d5d8d9d834d8aad4bb6e418e489,Robinhood,"1,363,194.79301932 ETH",1.11485773%,125
0xda9dfa130df4de4673b89022ee50ff26f6ea73cf,Kraken 13,"848,923.56042908 ETH",0.69427275%,498
0x47ac0fb4f2d84898e4d9e7b4dab3c24507a6d503,Binance: Binance-Peg Tokens,"584,999.05138144 ETH",0.47842812%,85
0xa6715eafe5d215b82cb9e90a9d6c8970a7c90033,,"557,192.48693507 ETH",0.45568715%,33
0xf977814e90da44bfa03b6295a0616a897441acec,Binance 8,"503,264.73421182 ETH",0.41158357%,"14,996"
0x49048044d57e1c92a77f79988d21fa8faf74e97e,Base: Base Portal,"502,349.23808379 ETH",0.41083485%,"1,054,761"
0xbeb5fc579115071764c7423a4f12edde41f106ed,,"493,877.46844124 ETH",0.40390641%,"17,939"
0xe92d1a43df510f82c66382592a047d288f85226f,Bitfinex 19,"450,118.32741318 ETH",0.36811900%,467
0x61edcdf5bb737adffe5043706e7c5bb1f1a56eea,Gemini 3,"369,498.96536194 ETH",0.30218629%,769
0xc61b9bb3a7a0767e3179713f3a5c7a9aedce193c,Bitfinex: MultiSig 3,"328,053.76046368 ETH",0.26829128%,124
0xca8fa8f0b631ecdb18cda619c4fc9d197c8affca,,"325,000.48226601 ETH",0.26579422%,93
0xafcd96e580138cfa2332c632e66308eacd45c5da,,"312,707.41802413 ETH",0.25574062%,273
0xde0b295669a9fd93d5f28d9ec85e40f4cb697bae,EthDev,"309,273.96043301 ETH",0.25293265%,"2,555"
0x3bfc20f0b9afcace800d73d2191166ff16540258,Polkadot: MultiSig,"306,276.63547139 ETH",0.25048135%,519
0x8103683202aa8da10536036edef04cdd865c225e,Bitfinex 20,"275,000.03347903 ETH",0.22490250%,54
0x8696e84ab5e78983f2456bcb5c199eea9648c8c2,Coincheck Cold 2,"262,856.89334298 ETH",0.21497151%,351
0x7d6149ad9a573a6e2ca6ebf7d4897c1b766841b4,,"256,971.29363325 ETH",0.21015810%,"1,754"
0x0a4c79ce84202b03e95b7a692e5d728d83c44c76,,"254,248.45402547 ETH",0.20793129%,52
0x2b6ed29a95753c3ad948348e3e7b1a251080ffb9,Rain Lohmus,"250,000.02391606 ETH",0.20445681%,70
0x539c92186f7c6cc4cbf443f26ef84c595babbca1,OKX 73,"250,000.00963009 ETH",0.20445680%,17
0x868dab0b8e21ec0a48b726a1ccf25826c78c6d7f,OKX 76,"250,000.00193363 ETH",0.20445679%,23
0xbfbbfaccd1126a11b8f84c60b09859f80f3bd10f,OKX 93,"250,000.00186253 ETH",0.20445679%,25
0x1b3cb81e51011b549d78bf720b0d924ac763a7c2,,"243,300.00350275 ETH",0.19897735%,207
0x220866b1a2219f40e72f5c628b65d54268ca3a9d,Vb 3,"243,000.02955419 ETH",0.19873203%,156
0x0c23fc0ef06716d2f8ba19bc4bed56d045581f2d,Paxos 2,"205,225.28253603 ETH",0.16783881%,57
0xd19d4b5d358258f05d7b411e21a1460d11b0876f,Linea: L1 Message Service,"203,155.3126309 ETH",0.16614593%,"1,138,181"
0xd3a22590f8243f8e83ac230d1842c9af0404c4a1,Binance 71,"201,650.57204238 ETH",0.16491532%,155
0x0e58e8993100f1cbe45376c410f97f4893d9bfcd,,"197,786.81906 ETH",0.16175543%,"9,470"
0xbf3aeb96e164ae67e763d9e050ff124e7c3fdd28,,"187,068.1958232 ETH",0.15298945%,40
0x210b3cb99fa1de0a64085fa80e18c22fe4722a1b,,"183,464.59326775 ETH",0.15004233%,24
0xf3b0073e3a7f747c7a38b36b805247b222c302a3,Crypto.com 6,"182,663.38151427 ETH",0.14938708%,"273,570"
0x1db92e2eebc8e0c075a02bea49a2935bcd2dfcf4,Bybit: Hot Wallet 1,"178,346.76564836 ETH",0.14585683%,"132,485"
0x9e927c02c9eadae63f5efb0dd818943c7262fb8e,,"174,541.36541923 ETH",0.14274467%,447
0x28c6c06298d514db089934071355e5743bf21d60,Binance 14,"170,888.77096308 ETH",0.13975748%,"19,767,863"
0x5b5b69f4e0add2df5d2176d7dbd20b4897bc7ec4,,"169,032.00330703 ETH",0.13823896%,58
0x308861a430be4cce5502d0a12724771fc6daf216,ether.fi - Liquidity Pool,"166,979.23156844 ETH",0.13656015%,"208,591"
0x2f2d854c1d6d5bb8936bb85bc07c28ebb42c9b10,,"165,071.97223691 ETH",0.13500034%,15
0x8484ef722627bf18ca5ae6bcf031c23e6e922b30,Polygon (Matic): Ether Bridge,"160,796.39289989 ETH",0.13150366%,74
0xd7f9f54194c633f36ccd5f3da84ad4a1c38cb2cb,,"156,261.21073538 ETH",0.12779466%,6
0xdf9eb223bafbe5c5271415c75aecd68c21fe3d7f,Liquity: Active Pool,"155,347.66208043 ETH",0.12704754%,61
0x7da82c7ab4771ff031b66538d2fb9b0b047f6cf9,Golem: Multisig,"152,034.34311324 ETH",0.12433782%,545
0xfd898a0f677e97a9031654fc79a27cb5e31da34a,,"150,000.10028294 ETH",0.12267416%,39
0x701c484bfb40ac628afa487b6082f084b14af0bd,,"150,000.00107635 ETH",0.12267408%,37
0xb20411c403687d1036e05c8a7310a0f218429503,,"150,000.00015513 ETH",0.12267407%,11
0x9a1ed80ebc9936cee2d3db944ee6bd8d407e7f9f,Coinbase Cold 8,"150,000.00009307 ETH",0.12267407%,43
0x15c22df3e71e7380012668fb837c537d0f8b38a1,,"147,201.50297159 ETH",0.12038539%,40
0x8d95842b0bca501446683be598e12f1c616770c1,,"143,012.05700499 ETH",0.11695914%,60
0x35aeed3aa9657abf8b847038bb591b51e1e4c69f,,"141,871.70329884 ETH",0.11602653%,69
0xb93d8596ac840816bd366dc0561e8140afd0d1cb,,"139,701.32930682 ETH",0.11425154%,66
0xb5ab08d153218c1a6a5318b14eeb92df0fb168d6,,"135,283.67700786 ETH",0.11063867%,287
0xdb3c617cdd2fbf0bb4309c325f47678e37f096d9,,"135,188.02618524 ETH",0.11056044%,65
0x7ead3a4361bd26a20deb89c9470be368ee9cb6f1,,"132,432.5378444 ETH",0.10830693%,59
0xd5268a476aadd1a6729df5b3e5e8f2c1004139af,,"130,876.36103835 ETH",0.10703424%,61
0xa160cdab225685da1d56aa342ad8841c3b53f291,Tornado.Cash: 100 ETH,"129,600 ETH",0.10599040%,"8,618"
0xd47b4a4c6207b1ee0eb1dd4e5c46a19b50fec00b,,"129,392.27133579 ETH",0.10582051%,54
0xd65fb7d4cb595833e84c3c094bd4779bab0d4c62,,"129,392.17137079 ETH",0.10582043%,51
0x595faf77e533a5cd30ab5859c9a0116de8bad8db,,"129,392.17136579 ETH",0.10582043%,56
0x1bd3fc5ac794e7af8e834a8a4d25b08acd9266ce,,"129,392.17135979 ETH",0.10582043%,56
0xf481b7fab9f5d0e74f21ae595a749634fb053619,,"129,231.42216892 ETH",0.10568897%,64
0xa7c0d36c4698981fab42a7d8c783674c6fe2592d,Binance 74,"128,280.0156837 ETH",0.10491088%,4
0xa7e4fecddc20d83f36971b67e13f1abc98dfcfa6,,"125,737.51283884 ETH",0.10283155%,107
0x0548f59fee79f8832c299e01dca5c76f034f558e,Genesis Trading: OTC Desk 2,"123,783.99611168 ETH",0.10123391%,"11,770"
0x79f67f689b9925710d4dda2a39d680e9cea61c81,,"121,198.18197516 ETH",0.09911917%,80
0x368d43c23843ca9b49dc861d80251bda6a090367,,"120,707.72998012 ETH",0.09871806%,89
0x2d1566722288be5525b548a642c98b546f116aa0,,"120,707.71082283 ETH",0.09871804%,133
0xb4f4317b7885de16305d1303570879c21f378255,,"120,707.71079883 ETH",0.09871804%,128
0x84bf16e7675cee22d0e0302913ccf58b45333ddf,,"120,707.71079663 ETH",0.09871804%,127
0x6d9d2b30df394f17a5058aceb9a4d3446f1bc042,,"120,707.71079346 ETH",0.09871804%,79
0xf443864ba5d5361bbc54298551067194f980a635,,"120,707.71078891 ETH",0.09871804%,130
0x835678a611b28684005a5e2233695fb6cbbb0007,Binance 70,"117,642.93991337 ETH",0.09621159%,89
0xa1a45e91164cdab8fa596809a9b24f8d4fdbe0f3,,"116,005.01344329 ETH",0.09487205%,144
0x376c3e5547c68bc26240d8dcc6729fff665a4448,Iconomi: MultiSig 1,"114,939.00001 ETH",0.09400024%,62
0x4ddc2d193948926d02f9b1fe9e1daa0718270ed5,Compound: cETH Token,"111,540.6492968 ETH",0.09122097%,"316,707"
0x558553d54183a8542f7832742e7b4ba9c33aa1e6,Bithumb 12,"110,000.75260764 ETH",0.08996160%,61
0x084ef8564b4f75a70b7ad5e8aabf73edac005397,,"108,544.0448184 ETH",0.08877027%,132
0xcac9c634b4464efe71a9a5910edba06686baf457,,"108,532.91750767 ETH",0.08876117%,128
0x04b7f4195595d8132dd8249cc8dc7e79a6ae772b,,"108,532.91739077 ETH",0.08876117%,73
0xff2ac8c5834a7585fcc97edb8ba2431c4beab487,,"108,532.91731267 ETH",0.08876117%,73
0x4ed97d6470f5121a8e02498ea37a50987da0eec0,,"108,532.91730767 ETH",0.08876117%,103
0x6e414cfad874d8ee716ea0299d40011207c907b8,,"108,205.26643362 ETH",0.08849321%,75
0x19bf56fca395a600c20f732b05757f30ad24a719,,"108,205.26632169 ETH",0.08849321%,67
0xfcd159d0fef5b1003e10d91a5b79d52bbb8cd05d,,"108,054.42444282 ETH",0.08836984%,69
0x8ae880b5d35305da48b63ce3e52b22d17859f293,,"107,708.24446471 ETH",0.08808673%,7
0xa463597d49f54fe6a811fb894cbd67c7f92852b0,,"107,686.26657272 ETH",0.08806875%,69
0x5a710a3cdf2af218740384c52a10852d8870626a,Bitfinex 15,"107,141.16775261 ETH",0.08762296%,26
0x7f1502605a2f2cc01f9f4e7dd55e549954a8cd0c,,"105,874.38434455 ETH",0.08658695%,7
0xe3f8250bdc233d93875c15c25d725fd509192d60,,"105,569.98807516 ETH",0.08633800%,179
0xbed96d0840201011df1467379a5d311e0040073a,,"103,744.75950595 ETH",0.08484528%,3
0x4eac9ce57af61a6fb1f61f0bf1d8586412be30bc,,"102,002.99468199 ETH",0.08342082%,11
0x76ae5632ae65d95dd704218920f7d8ac4daef9cc,,"101,388.619493 ETH",0.08291837%,32
0x67f706db3bbd04a250eed049386c5d09c4ee31f0,,"100,784.24757148 ETH",0.08242410%,35
0xd9858d573a26bca124282afa21ca4f4a06eff98a,,"100,179.66778849 ETH",0.08192965%,7
0x4fdd5eb2fb260149a3903859043e962ab89d8ed4,Bitfinex 5,"100,116.88988392 ETH",0.08187831%,25
0xd8d98ee915a5a4f52c40d97fcd8ffadea1ee8604,,"100,000.14577822 ETH",0.08178284%,8
0x2d89034424db22c9c555f14692a181b22b17e42c,,"100,000.0000335 ETH",0.08178272%,6
0x40f50e8352d64af0ddda6ad6c94b5774884687c3,,"100,000.00002 ETH",0.08178272%,3
