timeStamp,name,open,high,low,close,volume,marketCap
2023-11-01T00:00:00.000Z,2781,38.51305799,46.25089906,37.96105264,41.46154433,3630725002,17390661824
2023-11-02T00:00:00.000Z,2781,41.385949,44.48912546,38.97534414,40.20757102,2583692673,16865518992
2023-11-03T00:00:00.000Z,2781,40.20892643,40.22572289,38.21837492,39.51976196,1755955299,16597062993
2023-11-04T00:00:00.000Z,2781,39.52021,42.69523859,39.16879384,42.34659469,1454107898,17784202445
2023-11-05T00:00:00.000Z,2781,42.37336678,42.80354058,40.38012746,41.23860153,884855277.7,17323908542
2023-11-06T00:00:00.000Z,2781,41.23856401,42.15506893,39.82507794,42.1285903,1010459088,17697740586
2023-11-07T00:00:00.000Z,2781,42.13777214,44.42584933,40.31990833,43.09254596,1780187159,18137705916
2023-11-08T00:00:00.000Z,2781,43.08591787,43.80505595,42.39422763,43.18988808,1009177437,18178633104
2023-11-09T00:00:00.000Z,2781,43.18187131,48.70306608,42.60818523,45.44482783,2830770419,19133073939
2023-11-10T00:00:00.000Z,2781,45.44236968,57.34910199,45.21684755,56.64385404,3795204638,23840315650
2023-11-11T00:00:00.000Z,2781,56.64099474,63.41544866,54.04486765,56.10266294,4182963132,23628554348
2023-11-12T00:00:00.000Z,2781,56.13203218,61.71490547,54.94210604,56.15409678,2987356952,23706316366
2023-11-13T00:00:00.000Z,2781,56.18062606,59.71365916,51.90705083,51.90705083,2942685126,21919715447
2023-11-14T00:00:00.000Z,2781,51.90221682,57.73010667,51.71446098,56.83837586,3195616616,24008328585
2023-11-15T00:00:00.000Z,2781,56.83994084,66.86766468,56.3089857,65.5344027,3793937162,27682833196
2023-11-16T00:00:00.000Z,2781,65.53944689,67.99215346,56.81012953,57.87140103,3922608772,24458743631
2023-11-17T00:00:00.000Z,2781,57.92103774,60.41628926,54.55164651,58.41593551,3185454735,24694112031
2023-11-18T00:00:00.000Z,2781,58.39267493,59.28344342,55.06231235,58.51272508,1942321169,24743277357
2023-11-19T00:00:00.000Z,2781,58.52428432,62.02115238,56.88264876,61.39355814,1998656461,25961432819
2023-11-20T00:00:00.000Z,2781,61.37045867,61.37045867,56.35343289,56.53383429,1937313546,23913284884
2023-11-21T00:00:00.000Z,2781,56.54036644,57.36568676,51.55591396,52.00047302,2440890238,21995659219
2023-11-22T00:00:00.000Z,2781,52.0021266,58.79156508,51.73749645,57.58855974,1985653842,24365952891
2023-11-23T00:00:00.000Z,2781,57.57801654,59.47392129,56.2875645,56.59936904,1379316733,23949413793
2023-11-24T00:00:00.000Z,2781,56.5788905,58.68601176,56.34909208,56.86644075,1146346831,24069836546
2023-11-25T00:00:00.000Z,2781,56.86628693,59.65414374,56.32527814,58.84649047,1183793273,24910006397
2023-11-26T00:00:00.000Z,2781,58.8454186,58.95796117,56.51145612,57.64269883,871154750,24407453540
2023-11-27T00:00:00.000Z,2781,57.62886683,58.02122397,53.71446932,55.06461968,1237763215,23315764052
2023-11-28T00:00:00.000Z,2781,55.06262794,58.60682206,54.08532414,58.19436929,1412314015,24639227970
2023-11-29T00:00:00.000Z,2781,58.19304952,61.65335952,57.85509009,59.25012952,1941361674,25093452355
2023-11-30T00:00:00.000Z,2781,59.25351785,61.43787489,58.94692062,59.24162371,1263841021,25115707774
2023-12-01T00:00:00.000Z,2781,59.23817707,61.75801764,58.77821043,59.80399734,1376669760,25369600096
2023-12-02T00:00:00.000Z,2781,59.8037448,63.83286003,59.77376048,63.83286003,1346327049,27078672253
2023-12-03T00:00:00.000Z,2781,63.82087652,65.39625908,62.41662283,63.03996545,1368876645,26749940761
2023-12-04T00:00:00.000Z,2781,63.03776795,65.13324061,60.28052267,61.52661371,2211865569,26108945917
2023-12-05T00:00:00.000Z,2781,61.52917431,62.54000367,59.25082927,60.99483046,1693517649,25890669935
2023-12-06T00:00:00.000Z,2781,60.97986697,66.38362455,60.97986697,61.9029583,3030993886,26332769686
2023-12-07T00:00:00.000Z,2781,61.93404167,69.30046863,61.87300782,67.83782708,3002455075,28902143957
2023-12-08T00:00:00.000Z,2781,67.84671765,75.12979327,67.84122959,75.00243613,3612712432,31949059185
2023-12-09T00:00:00.000Z,2781,74.98954601,77.50202388,72.03968938,72.25760576,2893248364,30778693905
2023-12-10T00:00:00.000Z,2781,72.2729504,74.72459725,70.91922992,74.70588652,1849363354,31830671446
2023-12-11T00:00:00.000Z,2781,74.7142234,74.83811179,67.2154912,70.36717583,3729540309,29993796014
2023-12-12T00:00:00.000Z,2781,70.34428316,72.34092983,65.96899641,68.54068129,2366453484,29225637724
2023-12-13T00:00:00.000Z,2781,68.53225276,72.35475828,64.36977615,70.7677841,2414610075,30246516216
2023-12-14T00:00:00.000Z,2781,70.74867433,76.17998271,69.85732641,75.6203317,2464938440,32331670085
2023-12-15T00:00:00.000Z,2781,75.63669023,79.15107205,72.36663593,72.36899146,2821390652,30946209749
2023-12-16T00:00:00.000Z,2781,72.43347719,77.07919802,71.5693412,73.47350215,1781972898,31418622371
2023-12-17T00:00:00.000Z,2781,73.4747847,74.72001506,70.82445362,71.00052204,1552380672,30369699317
2023-12-18T00:00:00.000Z,2781,70.9326344,75.3805385,67.33440534,74.34716426,2281865174,31799840320
2023-12-19T00:00:00.000Z,2781,74.3491922,76.27140665,72.01061194,72.98976979,1900875405,31228131991
2023-12-20T00:00:00.000Z,2781,72.98999256,83.9574517,72.98999256,82.1912309,3745738278,35163692629
2023-12-21T00:00:00.000Z,2781,82.18564739,95.32344191,81.23771112,93.85481067,4711493441,40107699035
2023-12-22T00:00:00.000Z,2781,93.85801733,99.12442735,90.79840269,98.0036898,5284203995,41880257528
2023-12-23T00:00:00.000Z,2781,98.00168864,109.5088437,93.1067646,107.5942325,3957434568,45992080618
2023-12-24T00:00:00.000Z,2781,107.7251335,117.380665,107.7251335,112.4852109,6365529251,48084460235
2023-12-25T00:00:00.000Z,2781,112.5641165,125.1938965,108.9033806,121.1464604,5951791518,51786611387
2023-12-26T00:00:00.000Z,2781,121.0843367,121.1439987,104.7282171,112.6767379,6117657160,48313950138
2023-12-27T00:00:00.000Z,2781,112.6548289,115.0338766,105.4252294,107.0237929,4267938569,45817869730
2023-12-28T00:00:00.000Z,2781,107.0227043,109.4206546,97.66864407,102.1045649,4492625126,43773566954
2023-12-29T00:00:00.000Z,2781,102.0692856,109.6711165,100.0555117,106.3115138,4445797973,45626554052
2023-12-30T00:00:00.000Z,2781,106.2984996,107.328221,101.0681251,101.8450841,1863177830,43721923849
2023-12-31T00:00:00.000Z,2781,101.8441801,105.1335419,99.88642772,101.5058186,1748630533,43576016360
2024-01-01T00:00:00.000Z,2781,101.5128101,109.5086792,101.5128101,109.5086792,2157671990,47090921460
2024-01-02T00:00:00.000Z,2781,109.5490633,116.8824911,106.3889884,106.6112177,3782057553,45844632122
2024-01-03T00:00:00.000Z,2781,106.616531,109.8480888,92.92366471,98.59443994,5472216595,42397055220
2024-01-04T00:00:00.000Z,2781,98.58697482,107.9824647,97.10832684,105.0775346,3272723247,45207060499
2024-01-05T00:00:00.000Z,2781,105.0520107,105.2354304,95.9427254,99.97879257,3022127826,43103713121
2024-01-06T00:00:00.000Z,2781,99.98799061,100.03741,92.02279181,93.85772129,2235902092,40477077059
2024-01-07T00:00:00.000Z,2781,93.86035217,96.69239993,88.22345523,89.276347,2288061692,38549501330
2024-01-08T00:00:00.000Z,2781,89.27817804,99.76186957,85.64670076,97.79044542,4152448360,42237863322
2024-01-09T00:00:00.000Z,2781,97.81603514,103.7961669,95.89379126,99.409189,4070131683,42936802212
2024-01-10T00:00:00.000Z,2781,99.38423842,105.0823738,92.56326083,102.0330219,4216429514,44063260015
2024-01-11T00:00:00.000Z,2781,102.1036548,106.9357343,98.4125019,99.9094416,4174026719,43180158131
2024-01-12T00:00:00.000Z,2781,99.91186967,100.2544945,88.30984823,91.72090854,2868799888,39640966832
2024-01-13T00:00:00.000Z,2781,91.75973894,96.91764472,89.75449175,95.73004973,1880329065,41407829286
2024-01-14T00:00:00.000Z,2781,95.73264717,102.173582,93.89056466,94.13314122,2736734725,40716891333
2024-01-15T00:00:00.000Z,2781,94.03654755,96.8212324,93.2411109,94.49022497,1755858499,40884383290
2024-01-16T00:00:00.000Z,2781,94.43834931,98.59530695,94.396681,97.62691421,1806576879,42242678607
2024-01-17T00:00:00.000Z,2781,97.61580803,102.4337362,97.05516063,102.0636024,3220344763,44173861651
2024-01-18T00:00:00.000Z,2781,102.0294973,102.9231419,92.14057999,94.25095662,2684524713,40791006371
2024-01-19T00:00:00.000Z,2781,94.25067242,95.16473009,87.48365926,93.38617041,2631067383,40428014064
2024-01-20T00:00:00.000Z,2781,93.39380218,94.0253124,90.49375491,92.5698356,1204443546,40074327320
2024-01-21T00:00:00.000Z,2781,92.58952731,93.7137868,90.84843329,90.84843329,894963197.5,39339877376
2024-01-22T00:00:00.000Z,2781,90.90369388,91.63616009,82.65976481,83.62281117,2662287481,36210732592
2024-01-23T00:00:00.000Z,2781,83.62183984,85.84018366,79.06669419,84.27450521,2990436327,36503053042
2024-01-24T00:00:00.000Z,2781,84.28726491,89.26772021,83.41868296,88.73200652,2352477736,38434388688
2024-01-25T00:00:00.000Z,2781,88.73779714,89.37682498,85.27367804,86.88921161,1674093024,37645386638
2024-01-26T00:00:00.000Z,2781,86.88945023,93.52867236,86.14839504,92.44237006,2027305107,40051732062
2024-01-27T00:00:00.000Z,2781,92.38762859,94.43761481,90.84476092,94.1632153,1256585307,40808775857
2024-01-28T00:00:00.000Z,2781,94.18189707,99.37737355,93.53833047,95.93798223,2425625612,41577492468
2024-01-29T00:00:00.000Z,2781,95.93798223,101.7719112,95.17613457,101.566667,2604890575,44219659597
2024-01-30T00:00:00.000Z,2781,101.566667,106.213459,101.109392,101.4729783,3328090833,44190898510
2024-01-31T00:00:00.000Z,2781,101.4492535,102.5480678,96.10359529,97.02870852,3814467068,42279995731
2024-02-01T00:00:00.000Z,2781,97.02484089,97.94418815,93.37919245,97.8466969,2951395444,42658921529
2024-02-02T00:00:00.000Z,2781,97.83469359,102.4126277,97.57415488,100.440525,2574044077,43789388704
2024-02-03T00:00:00.000Z,2781,100.4511334,101.0589814,96.81257897,97.87998291,1349320819,42684724573
2024-02-04T00:00:00.000Z,2781,97.88505959,98.45759048,95.26637242,95.47695967,1304106726,41636501944
2024-02-05T00:00:00.000Z,2781,95.47146857,98.54404236,94.29252482,95.54865679,1635327054,41679149743
2024-02-06T00:00:00.000Z,2781,95.54961477,97.79078973,93.28073915,96.86107628,1699997346,42251383321
2024-02-07T00:00:00.000Z,2781,96.86189314,101.2366005,94.72022505,100.9792765,1733607189,44114747715
2024-02-08T00:00:00.000Z,2781,100.9954998,104.7980447,100.5536978,102.7856335,2288429230,44903265384
2024-02-09T00:00:00.000Z,2781,102.7901755,108.9877232,102.7901755,106.9333353,2852770180,46732145805
2024-02-10T00:00:00.000Z,2781,106.9336623,110.7427883,106.9336623,109.1314699,1836561570,47692621210
2024-02-11T00:00:00.000Z,2781,109.1166754,110.5568695,107.3576528,107.4952864,1370383843,47008921890
2024-02-12T00:00:00.000Z,2781,107.4926272,112.0696636,103.6092911,111.992749,2650731894,48975434170
2024-02-13T00:00:00.000Z,2781,111.9772494,114.8106485,108.4937803,112.5793045,2709494768,49245695575
2024-02-14T00:00:00.000Z,2781,112.5749696,118.3277827,110.8784738,116.9763278,2391239729,51168708471
2024-02-15T00:00:00.000Z,2781,116.985386,118.3064923,111.7758775,113.6994089,2471486178,50087587751
2024-02-16T00:00:00.000Z,2781,113.67307,114.2530927,108.3487259,110.4459157,1921299579,48651395018
2024-02-17T00:00:00.000Z,2781,110.4433026,111.0730407,106.1252219,108.9840193,1370606631,48018264807
2024-02-18T00:00:00.000Z,2781,108.9876059,114.0013804,107.6067188,112.1746725,1516321334,49437771949
2024-02-19T00:00:00.000Z,2781,112.1788228,114.7179766,111.0814155,111.4853313,1898655220,49133757690
2024-02-20T00:00:00.000Z,2781,111.4834461,112.0367414,104.8902284,108.4596379,2656976089,47813443200
2024-02-21T00:00:00.000Z,2781,108.4526692,108.4526692,100.4120195,105.1252223,2246861647,46343257302
2024-02-22T00:00:00.000Z,2781,105.1203065,106.9954072,101.6424013,101.66979,1830636004,44832523183
2024-02-23T00:00:00.000Z,2781,101.6746235,103.0228346,98.95835379,99.95469628,1483285120,44076070575
2024-02-24T00:00:00.000Z,2781,99.95437557,104.6453915,98.58520672,104.1335235,1083637514,45931500095
2024-02-25T00:00:00.000Z,2781,104.1326684,104.3299374,102.1710314,103.4534925,909662462,45631391775
2024-02-26T00:00:00.000Z,2781,103.4507065,110.5803544,100.4552036,109.9185298,2334408023,48496288090
2024-02-27T00:00:00.000Z,2781,109.9187877,112.2047132,105.896931,108.3880868,2723995106,47942351648
2024-02-28T00:00:00.000Z,2781,108.3992352,118.0521972,107.4608741,118.0521972,5029492553,52249842440
2024-02-29T00:00:00.000Z,2781,118.2387448,134.465703,117.6675178,125.7115161,6950123902,55633849061
2024-03-01T00:00:00.000Z,2781,125.6367041,137.6018722,125.6367041,129.9903974,4743077738,57563108314
2024-03-02T00:00:00.000Z,2781,129.9823156,131.4548697,127.6808893,129.7001745,2741772676,57434332381
2024-03-03T00:00:00.000Z,2781,129.7933868,132.0627463,125.7693276,130.4508641,2875614168,57782564592
2024-03-04T00:00:00.000Z,2781,130.4232339,134.8741712,127.7981399,133.1945791,4429758300,58914150625
2024-03-05T00:00:00.000Z,2781,133.159369,142.6509353,109.5387584,125.7067098,8980294607,55614018119
2024-03-06T00:00:00.000Z,2781,125.6992139,134.8106276,120.3173347,130.7420203,5146680159,57850874886
2024-03-07T00:00:00.000Z,2781,130.7420203,149.2247288,130.7017572,143.9778598,7111178325,63801239283
2024-03-08T00:00:00.000Z,2781,143.9772842,152.417924,142.5361473,145.2400391,5474659974,64360205717
2024-03-09T00:00:00.000Z,2781,145.2403203,149.3512848,144.2903691,144.6072584,2946261381,64096767398
2024-03-10T00:00:00.000Z,2781,144.6073343,148.6719276,140.8399887,144.515184,3407621981,64055231608
2024-03-11T00:00:00.000Z,2781,144.5144866,150.0179752,137.6329868,148.7509676,5383624184,65976301021
2024-03-12T00:00:00.000Z,2781,148.749684,154.9422949,142.8701542,151.0154447,6413617983,66980515085
2024-03-13T00:00:00.000Z,2781,151.0154447,166.4487593,148.9456191,163.8398137,5917471836,72668118574
2024-03-14T00:00:00.000Z,2781,163.8399322,177.8926277,160.2335582,176.6797551,8399967972,78373508250
2024-03-15T00:00:00.000Z,2781,176.6797551,188.5013618,165.4127201,182.9646985,14093348410,81165758925
2024-03-16T00:00:00.000Z,2781,182.9675106,197.6559971,177.4612712,181.8803408,11794134069,80716457996
2024-03-17T00:00:00.000Z,2781,181.8803408,204.2925453,179.225597,202.1235608,10876218562,89697345896
2024-03-18T00:00:00.000Z,2781,202.1226041,209.6960619,194.8494081,195.9927521,11137647410,86998068120
2024-03-19T00:00:00.000Z,2781,195.9927521,198.2410709,166.1767359,170.0162749,11658593922,75466865630
2024-03-20T00:00:00.000Z,2781,170.0162749,192.9118194,163.2962697,191.5496193,8673957460,85046806350
2024-03-21T00:00:00.000Z,2781,191.5496193,195.3061261,176.2833179,179.2207461,5613811275,79575489104
2024-03-22T00:00:00.000Z,2781,179.2398092,181.3232397,167.8778526,174.3637086,4150938142,77430916620
2024-03-23T00:00:00.000Z,2781,174.3637086,178.8001094,171.0169698,172.9022483,2711581881,76777960669
2024-03-24T00:00:00.000Z,2781,172.8978673,186.6294246,171.6737276,183.5734516,2661231893,81539943651
2024-03-25T00:00:00.000Z,2781,183.5734516,194.4302652,181.2523512,189.083539,4066489821,83987620159
2024-03-26T00:00:00.000Z,2781,189.0833875,196.2930412,186.7528261,190.699865,3520179571,84728545593
2024-03-27T00:00:00.000Z,2781,190.6999854,192.4965834,180.4204444,186.3614673,3844985014,82799408957
2024-03-28T00:00:00.000Z,2781,186.3614673,190.8834699,180.9976151,189.6216335,2910414256,84246500601
2024-03-29T00:00:00.000Z,2781,189.6216335,192.9698132,183.6461581,192.2279557,3031009580,85426393570
2024-03-30T00:00:00.000Z,2781,192.2278543,199.7309416,191.2167746,194.3855423,2999311846,86381585800
2024-03-31T00:00:00.000Z,2781,194.3757979,203.0267871,194.0353212,202.8741312,2342185476,90192360865
2024-04-01T00:00:00.000Z,2781,202.874434,204.1797658,187.488898,192.5678237,3872515434,85635905166
2024-04-02T00:00:00.000Z,2781,192.5678237,192.5694321,176.1320815,181.1722575,4553269015,80589823340
2024-04-03T00:00:00.000Z,2781,181.1727226,191.6926729,177.3955072,185.2486039,4160370221,82401380826
2024-04-04T00:00:00.000Z,2781,185.2486039,190.0696851,180.5122945,183.958119,4101220964,81848676449
2024-04-05T00:00:00.000Z,2781,183.958119,184.9777882,168.2360744,174.5015098,7398400404,77639578798
2024-04-06T00:00:00.000Z,2781,174.5015098,179.6975285,173.8743059,178.9153448,4672922789,79602083518
2024-04-07T00:00:00.000Z,2781,178.9153448,182.5382145,177.0657896,179.6498528,1854793003,80048604597
2024-04-08T00:00:00.000Z,2781,179.6506914,184.3028663,175.5899774,180.7847715,2744377905,80549867854
2024-04-09T00:00:00.000Z,2781,180.7795148,180.8256818,169.3677618,172.4136164,2688188866,76842591475
2024-04-10T00:00:00.000Z,2781,172.4142648,175.322612,163.8131319,173.4373602,3344074648,77297959815
2024-04-11T00:00:00.000Z,2781,173.4373602,176.23552,170.393426,172.5763648,2712334365,76942708222
2024-04-12T00:00:00.000Z,2781,172.5763648,175.8086349,145.5163828,153.6354719,4727185451,68514901386
2024-04-13T00:00:00.000Z,2781,153.6344829,154.9439563,119.8333404,139.3416873,8976793985,62209618030
2024-04-14T00:00:00.000Z,2781,139.3416873,152.5010114,131.2871726,151.2849466,7110974218,67565919330
2024-04-15T00:00:00.000Z,2781,151.2994342,155.9611649,134.5725537,138.5086277,5699439234,61857236413
2024-04-16T00:00:00.000Z,2781,138.5075689,140.2783086,126.8652811,136.2793233,5156084639,60879101843
2024-04-17T00:00:00.000Z,2781,136.2791069,142.6043901,127.5289524,131.8661774,4888546522,58905554117
2024-04-18T00:00:00.000Z,2781,131.8671775,143.7273609,128.0767587,142.082397,4193561506,63485357601
2024-04-19T00:00:00.000Z,2781,142.082397,147.3337851,128.8628308,142.680496,5857667913,63751797975
2024-04-20T00:00:00.000Z,2781,142.6784588,152.0991841,140.0057102,151.1335642,2795892211,67528361464
2024-04-21T00:00:00.000Z,2781,151.1340837,153.4222541,147.1695198,148.6093128,2211663291,66417713293
2024-04-22T00:00:00.000Z,2781,148.6093128,158.3727066,146.9916954,157.0312258,2959650502,70180765530
2024-04-23T00:00:00.000Z,2781,157.0312258,159.9446,153.3231176,154.701305,2750685937,69159022996
2024-04-24T00:00:00.000Z,2781,154.701305,159.5809054,145.770576,147.7451445,3932336720,66048269190
2024-04-25T00:00:00.000Z,2781,147.7496128,149.3037535,142.2645694,144.8921248,3674969172,64788385180
2024-04-26T00:00:00.000Z,2781,144.8891793,145.854609,138.9083934,139.1043467,2564389027,62200672194
2024-04-27T00:00:00.000Z,2781,139.1043467,142.8745174,134.0289077,141.2891619,2373155947,63177157947
2024-04-28T00:00:00.000Z,2781,141.2891619,144.513878,137.2330237,137.8564123,1959005342,61662678760
2024-04-29T00:00:00.000Z,2781,137.8601882,138.7387197,133.7091661,137.7766604,2464951751,61623649857
2024-04-30T00:00:00.000Z,2781,137.7773039,139.6676508,121.6374557,126.9627085,3407320371,56808238321
2024-05-01T00:00:00.000Z,2781,126.9625437,135.1138543,119.3848081,134.6279756,4136407963,60206144228
2024-05-02T00:00:00.000Z,2781,134.6279756,140.2815261,128.2602881,137.8144855,3380078368,61649393246
2024-05-03T00:00:00.000Z,2781,137.8144855,144.9600308,136.1234345,143.7725599,3216962298,64313630230
2024-05-04T00:00:00.000Z,2781,143.7721979,148.9357482,142.5662613,146.1350633,3050187811,65369829237
2024-05-05T00:00:00.000Z,2781,146.1350633,147.9164658,143.4784518,145.7130281,2034794725,65197416097
2024-05-06T00:00:00.000Z,2781,145.7120476,156.6266971,145.5843174,152.8023971,2926902880,68370915819
2024-05-07T00:00:00.000Z,2781,152.8066782,159.0534565,148.0836125,148.1343209,2687619013,66379410042
2024-05-08T00:00:00.000Z,2781,148.1343209,149.8108952,140.1690913,142.2947344,2502237557,63761642429
2024-05-09T00:00:00.000Z,2781,142.2947344,153.086241,140.7896473,152.8499498,2249863780,68516742033
2024-05-10T00:00:00.000Z,2781,152.8528989,155.4115979,144.9388007,146.2169096,2471594251,65542239882
2024-05-11T00:00:00.000Z,2781,146.2169665,147.4264417,143.3314042,145.3143723,1243751505,65162205130
2024-05-12T00:00:00.000Z,2781,145.3143723,147.5714779,142.8818432,143.5208156,936690341.2,64374674548
2024-05-13T00:00:00.000Z,2781,143.5208156,150.5466566,138.0328587,147.2823271,2556255769,66060925602
2024-05-14T00:00:00.000Z,2781,147.2790885,148.8286915,141.9068553,142.030396,2586166419,63721775589
2024-05-15T00:00:00.000Z,2781,142.030396,158.6407225,141.3503326,158.1868227,3585715674,70971387523
2024-05-16T00:00:00.000Z,2781,158.1877657,164.3193282,156.7726234,159.1164512,3498272951,71406799642
2024-05-17T00:00:00.000Z,2781,159.1164512,171.6060829,159.1164512,169.5305535,3371355809,76085268448
2024-05-18T00:00:00.000Z,2781,169.5305535,175.7790921,168.9330581,172.5391323,2479657643,77455466322
2024-05-19T00:00:00.000Z,2781,172.5392065,175.1893286,166.7326134,170.0913547,2300080451,76356164593
2024-05-20T00:00:00.000Z,2781,170.0913547,187.4471208,168.030446,186.5204897,4636864705,83768041175
2024-05-21T00:00:00.000Z,2781,186.5195209,188.4938347,174.7117065,178.1161569,4568414163,80000969543
2024-05-22T00:00:00.000Z,2781,178.115672,183.0676693,175.4474662,176.8607812,3833758536,79437309085
2024-05-23T00:00:00.000Z,2781,176.8631119,180.1652764,167.4036902,175.9857778,5117258940,79070139295
2024-05-24T00:00:00.000Z,2781,175.9857778,176.031482,162.8658947,167.7969266,4013502065,75389730985
2024-05-25T00:00:00.000Z,2781,167.7969266,170.3550524,166.1130061,168.4376399,1875205755,75697208305
2024-05-26T00:00:00.000Z,2781,168.4376399,168.4392656,161.2638725,163.3509089,2543881488,73410229629
2024-05-27T00:00:00.000Z,2781,163.3509089,171.9885452,163.3354471,169.9961448,2745440475,76416188373
2024-05-28T00:00:00.000Z,2781,169.9961448,173.0171421,164.9734055,168.6508409,3342283019,77496700584
2024-05-29T00:00:00.000Z,2781,168.6508409,173.6419461,167.3238512,168.0726767,2852496248,77250412381
2024-05-30T00:00:00.000Z,2781,168.0726767,172.4177927,163.6839673,166.9765379,2932316784,76744933958
2024-05-31T00:00:00.000Z,2781,166.9765379,170.6315681,163.9330873,165.6377103,2415920333,76097773564
2024-06-01T00:00:00.000Z,2781,165.6377187,167.7370841,165.5856158,166.0306757,1058869941,76322878067
2024-06-02T00:00:00.000Z,2781,166.029615,166.9154817,161.6532451,163.2499076,1562269041,75044190329
2024-06-03T00:00:00.000Z,2781,163.2501533,167.0387594,161.8537192,164.9234645,2182487608,75832425371
2024-06-04T00:00:00.000Z,2781,164.9250591,171.8168184,164.515535,171.8019205,2057558426,78995382868
2024-06-05T00:00:00.000Z,2781,171.8019205,175.4753134,171.3829968,173.4829154,2405906612,79788482654
2024-06-06T00:00:00.000Z,2781,173.4829154,174.3047029,167.8642114,170.0162242,1965442993,78192167337
2024-06-07T00:00:00.000Z,2781,170.0158353,172.43816,155.7987696,162.5070418,3298527575,74847158592
2024-06-08T00:00:00.000Z,2781,162.4967471,163.6201812,157.5429489,157.9689085,1722237785,72755220354
2024-06-09T00:00:00.000Z,2781,157.9637109,162.9189729,156.7687626,162.0835976,1475878151,74686342403
2024-06-10T00:00:00.000Z,2781,162.0788916,162.8277551,157.7702086,158.92803,1815361482,73230549880
2024-06-11T00:00:00.000Z,2781,158.9341247,159.5231055,145.8651849,149.4289933,2812642453,68878680459
2024-06-12T00:00:00.000Z,2781,149.4223158,161.5148302,145.8214476,155.1775714,2853692260,71622233956
2024-06-13T00:00:00.000Z,2781,155.1923563,155.1923563,146.1722418,147.3144175,2085097655,67991620184
2024-06-14T00:00:00.000Z,2781,147.2820499,148.7893335,140.1153818,143.0944439,2330458883,66063660586
2024-06-15T00:00:00.000Z,2781,143.0740796,145.5409664,143.0236478,145.4122127,1065293341,67135628936
2024-06-16T00:00:00.000Z,2781,145.4179694,151.1255055,143.1795296,151.1255055,1147997523,69790883512
2024-06-17T00:00:00.000Z,2781,151.1372449,151.584772,140.1388058,143.334274,2244770232,66191148891
2024-06-18T00:00:00.000Z,2781,143.3146919,143.6106571,130.2890765,137.504002,4046511952,63514126393
2024-06-19T00:00:00.000Z,2781,137.4798131,141.6699353,134.7326339,135.6095992,2241396569,62638032858
2024-06-20T00:00:00.000Z,2781,135.6095992,141.0752442,132.0876404,133.4729589,2343938226,61666371309
2024-06-21T00:00:00.000Z,2781,133.4719482,135.2291612,128.9219281,134.5882979,2214701928,62180434899
2024-06-22T00:00:00.000Z,2781,134.5676517,136.4600496,133.1424875,133.6702446,948392979.5,61755643847
2024-06-23T00:00:00.000Z,2781,133.6600098,135.0058628,128.2696997,128.5904268,1063910411,59426910197
2024-06-24T00:00:00.000Z,2781,128.5980032,132.3112281,123.669336,132.2413923,3420423301,61113437384
2024-06-25T00:00:00.000Z,2781,132.2693478,139.7295834,131.2963589,136.5591976,2517391150,63124626804
2024-06-26T00:00:00.000Z,2781,136.5549704,140.1687552,134.9257618,136.6091531,1670038554,63146576878
2024-06-27T00:00:00.000Z,2781,136.6134235,150.7672122,135.2449996,149.4483748,2831651846,69097889911
2024-06-28T00:00:00.000Z,2781,149.4542651,150.0515859,139.3058926,139.7034025,2396070692,64591177828
2024-06-29T00:00:00.000Z,2781,139.7193179,142.8238572,139.6678051,140.0101495,1139066175,64751313559
2024-06-30T00:00:00.000Z,2781,140.012724,147.1993231,137.1413709,146.4924977,1567841881,67754180754
2024-07-01T00:00:00.000Z,2781,146.4812748,148.7985062,145.8228012,146.5950648,1814659116,67824193216
2024-07-02T00:00:00.000Z,2781,146.5885465,154.7129738,146.1205458,153.7004816,2024773533,71128871116
2024-07-03T00:00:00.000Z,2781,153.7111329,154.1979943,139.5172641,140.7314159,2813419415,65126155301
2024-07-04T00:00:00.000Z,2781,140.7153249,142.514858,127.5508229,127.5508229,3243822145,59041357959
2024-07-05T00:00:00.000Z,2781,127.6050736,135.8457953,122.4423093,134.3693427,4644036182,62197196003
2024-07-06T00:00:00.000Z,2781,134.3632968,144.0084732,132.6132936,143.2411729,2078535871,66320299709
2024-07-07T00:00:00.000Z,2781,143.1870599,143.1870599,131.7740977,131.7740977,1842515124,61083183722
2024-07-08T00:00:00.000Z,2781,131.7970311,141.6341166,128.5629264,139.4637043,3692404575,64646919567
2024-07-09T00:00:00.000Z,2781,139.5373528,143.9293848,136.7409379,141.3484539,2418798702,65537468013
2024-07-10T00:00:00.000Z,2781,141.3741493,145.8537104,138.8560483,141.9747976,1952272010,65829357257
2024-07-11T00:00:00.000Z,2781,141.9828077,145.3244281,135.8475213,135.8832263,2286890972,63044268449
2024-07-12T00:00:00.000Z,2781,135.864026,140.424778,134.1591556,139.5280131,1990173458,64734373047
2024-07-13T00:00:00.000Z,2781,139.5264047,143.3674394,138.1795306,141.9249728,1131518484,65862711165
2024-07-14T00:00:00.000Z,2781,141.9266566,148.5470562,141.9266566,147.6223179,2009294488,68505448232
2024-07-15T00:00:00.000Z,2781,147.666134,159.9420596,147.2028872,159.9339703,2580623500,74220216539
2024-07-16T00:00:00.000Z,2781,159.7733302,162.4695157,153.0537313,160.5518767,3034234774,74524644376
2024-07-17T00:00:00.000Z,2781,160.5632958,163.5952236,155.0670286,155.5840999,2255652667,72215582288
2024-07-18T00:00:00.000Z,2781,155.5910486,161.5871629,155.5660444,159.0724218,2044591406,73852862861
2024-07-19T00:00:00.000Z,2781,159.0923378,171.5067484,156.6065407,169.1858732,3617009839,78545985950
2024-07-20T00:00:00.000Z,2781,169.182613,174.8312984,167.5573146,173.8917905,1908476088,80747106790
2024-07-21T00:00:00.000Z,2781,173.8937399,184.8703083,171.1182103,184.5416092,3080452915,85691896426
2024-07-22T00:00:00.000Z,2781,184.5455685,184.7924648,177.0441348,178.9782855,2808509242,83136223897