timestamp,name,open,high,low,close,volume,marketCap
2023-11-01T00:00:00.000Z,2781,34657.27532,35527.93156,34170.69259,35437.25318,22446272005,692109682986
2023-11-02T00:00:00.000Z,2781,35441.57739,35919.8436,34401.57491,34938.2424,20998158544,682394289861
2023-11-03T00:00:00.000Z,2781,34942.47432,34942.47432,34133.43962,34732.32558,17158456701,678402411404
2023-11-04T00:00:00.000Z,2781,34736.32341,35256.03275,34616.69334,35082.19722,9561294264,685272381015
2023-11-05T00:00:00.000Z,2781,35090.01302,35340.33972,34594.24258,35049.35592,12412743996,684667682721
2023-11-06T00:00:00.000Z,2781,35044.78992,35286.02683,34765.36485,35037.36944,12693436420,684460477854
2023-11-07T00:00:00.000Z,2781,35047.79363,35892.41637,34545.8151,35443.56136,18834737789,692425627404
2023-11-08T00:00:00.000Z,2781,35419.47672,35994.41653,35147.80081,35655.27608,17295394918,696595346035
2023-11-09T00:00:00.000Z,2781,35633.63439,37926.2568,35592.10325,36693.12363,37762672382,716902433923
2023-11-10T00:00:00.000Z,2781,36702.25186,37493.8013,36362.75523,37313.96969,22711265155,729069481964
2023-11-11T00:00:00.000Z,2781,37310.07076,37407.09328,36773.66646,37138.05054,13924272142,725668445885
2023-11-12T00:00:00.000Z,2781,37133.99088,37227.69256,36779.11653,37054.52014,11545715999,724074263173
2023-11-13T00:00:00.000Z,2781,37070.30587,37405.1153,36399.60511,36502.35734,19057712790,713311947480
2023-11-14T00:00:00.000Z,2781,36491.78758,36753.35219,34948.50028,35537.64052,23857403554,694491212462
2023-11-15T00:00:00.000Z,2781,35548.11279,37964.89283,35383.78097,37880.58317,27365821679,740312548128
2023-11-16T00:00:00.000Z,2781,37879.97994,37934.6252,35545.47334,36154.76924,26007385366,706617161805
2023-11-17T00:00:00.000Z,2781,36164.8236,36704.4828,35901.23556,36596.68192,22445028430,715288296430
2023-11-18T00:00:00.000Z,2781,36625.37148,36839.28287,36233.31173,36585.70293,11886022717,715107332423
2023-11-19T00:00:00.000Z,2781,36585.7657,37509.35626,36414.59828,37386.54777,12915986553,730802775304
2023-11-20T00:00:00.000Z,2781,37374.07468,37756.81929,36882.53198,37476.95586,20888209068,732607478252
2023-11-21T00:00:00.000Z,2781,37469.15971,37631.13964,35813.81136,35813.81136,25172163756,700129319723
2023-11-22T00:00:00.000Z,2781,35756.55326,37856.97991,35670.97188,37432.33831,24397247860,731805245916
2023-11-23T00:00:00.000Z,2781,37420.43388,37643.91842,36923.86436,37289.62066,14214948217,729048665033
2023-11-24T00:00:00.000Z,2781,37296.31683,38415.3382,37261.60605,37720.28115,22922957823,737506220401
2023-11-25T00:00:00.000Z,2781,37721.41345,37892.42997,37617.41683,37796.79234,9099571165,739040907500
2023-11-26T00:00:00.000Z,2781,37796.82886,37820.30134,37162.74915,37479.12229,13744796068,732864171271
2023-11-27T00:00:00.000Z,2781,37454.19196,37559.35455,36750.1271,37254.16885,19002925720,728495474098
2023-11-28T00:00:00.000Z,2781,37247.99117,38368.47995,36891.08936,37831.08687,21696137014,739813120656
2023-11-29T00:00:00.000Z,2781,37826.10552,38366.113,37612.63162,37858.49405,20728546658,740379866134
2023-11-30T00:00:00.000Z,2781,37861.11888,38141.75355,37531.14163,37712.74777,18115982627,737560917366
2023-12-01T00:00:00.000Z,2781,37718.00963,38954.11043,37629.35891,38688.74836,23512784002,756690015948
2023-12-02T00:00:00.000Z,2781,38689.27862,39678.93729,38652.59568,39476.33328,15534035612,772125221563
2023-12-03T00:00:00.000Z,2781,39472.20747,40135.6049,39298.16552,39978.39182,15769696322,781986059221
2023-12-04T00:00:00.000Z,2781,39978.62865,42371.74944,39978.62865,41980.09948,39856129827,821180324322
2023-12-05T00:00:00.000Z,2781,41986.26435,44408.66574,41421.14739,44080.64795,36312154535,862310043284
2023-12-06T00:00:00.000Z,2781,44080.02425,44265.7704,43478.08132,43746.44536,29909761586,855807598358
2023-12-07T00:00:00.000Z,2781,43769.13107,44042.58802,42880.65013,43292.66424,27635760671,846962790499
2023-12-08T00:00:00.000Z,2781,43293.13495,44705.51501,43125.2951,44166.60064,24421116687,864097723185
2023-12-09T00:00:00.000Z,2781,44180.02094,44361.25735,43627.59718,43725.98581,17368210171,855518589114
2023-12-10T00:00:00.000Z,2781,43728.38348,44034.62497,43593.2838,43779.69729,13000481418,856608048217
2023-12-11T00:00:00.000Z,2781,43792.01786,43808.37306,40234.57833,41243.83331,40632672038,807028644889
2023-12-12T00:00:00.000Z,2781,41238.73339,42048.30378,40667.56185,41450.22219,24779520132,811106735270
2023-12-13T00:00:00.000Z,2781,41468.46586,43429.78062,40676.86816,42890.74073,26797884674,839333709179
2023-12-14T00:00:00.000Z,2781,42884.26269,43390.86037,41767.09054,43023.97197,25578530178,841983433932
2023-12-15T00:00:00.000Z,2781,43028.25069,43087.82377,41692.96804,41929.75839,19639442462,820610949396
2023-12-16T00:00:00.000Z,2781,41937.74097,42664.94514,41723.11347,42240.11908,14386729590,826722808112
2023-12-17T00:00:00.000Z,2781,42236.10834,42359.49612,41274.54352,41364.66592,16678702876,809628537784
2023-12-18T00:00:00.000Z,2781,41348.20209,42720.29713,40530.25852,42623.53833,25224642008,834312073586
2023-12-19T00:00:00.000Z,2781,42641.51021,43354.2966,41826.33515,42270.52614,23171001281,827447113190
2023-12-20T00:00:00.000Z,2781,42261.30014,44275.58751,42223.81786,43652.24867,27868908174,854532316614
2023-12-21T00:00:00.000Z,2781,43648.12493,44240.66913,43330.05265,43869.15086,22452766169,858819785955
2023-12-22T00:00:00.000Z,2781,43868.98642,44367.95577,43441.96795,43997.90141,21028503216,861384314119
2023-12-23T00:00:00.000Z,2781,44012.19863,44015.69864,43351.3557,43739.54214,13507796558,856371815374
2023-12-24T00:00:00.000Z,2781,43728.36599,43945.52156,42786.91786,43016.11762,18830554085,842253948410
2023-12-25T00:00:00.000Z,2781,43010.57292,43765.09214,42765.77114,43613.14208,21115795370,853982087896
2023-12-26T00:00:00.000Z,2781,43599.84759,43603.17544,41676.48997,42520.40151,30026850982,832620130498
2023-12-27T00:00:00.000Z,2781,42518.46853,43683.15981,42167.58349,43442.85456,25260941032,850720785458
2023-12-28T00:00:00.000Z,2781,43468.19806,43804.78142,42318.54886,42627.85353,22992093014,834791614273
2023-12-29T00:00:00.000Z,2781,42614.64389,43124.32586,41424.06064,42099.40281,26000021055,824484176969
2023-12-30T00:00:00.000Z,2781,42091.75264,42584.12364,41556.22599,42156.90115,16013925945,825646829610
2023-12-31T00:00:00.000Z,2781,42152.09845,42860.93739,41998.25535,42265.18565,16397498810,827811209384
2024-01-01T00:00:00.000Z,2781,42280.23528,44175.43605,42214.97675,44167.33021,18426978443,865106026911
2024-01-02T00:00:00.000Z,2781,44187.13904,45899.70635,44176.95044,44957.97005,39335274536,880631637170
2024-01-03T00:00:00.000Z,2781,44961.60319,45503.24179,40813.53487,42848.17564,46342323118,839345928378
2024-01-04T00:00:00.000Z,2781,42855.81476,44770.02341,42675.17401,44179.9217,30448091210,865482457123
2024-01-05T00:00:00.000Z,2781,44192.9787,44353.28586,42784.71827,44162.69163,32336029347,865182724166
2024-01-06T00:00:00.000Z,2781,44178.95461,44227.63131,43475.15643,43989.19409,16092503468,861821994191
2024-01-07T00:00:00.000Z,2781,43998.46424,44495.57147,43662.22863,43943.09723,19330573863,860951836726
2024-01-08T00:00:00.000Z,2781,43948.70696,47218.00113,43244.08161,46970.50231,42746192015,920302445948
2024-01-09T00:00:00.000Z,2781,46987.63874,47893.70101,45244.71515,46139.73037,39821290992,904067321453
2024-01-10T00:00:00.000Z,2781,46121.53982,47647.22099,44483.15086,46627.77911,50114613298,913669280077
2024-01-11T00:00:00.000Z,2781,46656.07308,48969.3714,45678.6454,46368.58538,45833734549,908639958361
2024-01-12T00:00:00.000Z,2781,46354.79319,46498.13482,41903.77075,42853.16666,43332698900,839796421013
2024-01-13T00:00:00.000Z,2781,42799.44649,43234.66178,42464.1432,42842.38219,20601860469,839627405357
2024-01-14T00:00:00.000Z,2781,42842.26367,43065.59885,41724.61372,41796.26961,17521429522,819159863483
2024-01-15T00:00:00.000Z,2781,41715.06653,43319.72118,41705.41833,42511.96772,22320220558,833216754804
2024-01-16T00:00:00.000Z,2781,42499.33754,43566.27492,42085.99603,43154.94423,24062872740,845855247845
2024-01-17T00:00:00.000Z,2781,43132.10034,43189.89051,42189.31053,42742.65284,20851232595,837804850464
2024-01-18T00:00:00.000Z,2781,42742.31162,42876.3466,40631.17049,41262.05836,25218357242,808819115627
2024-01-19T00:00:00.000Z,2781,41278.45919,42134.15898,40297.45786,41618.40737,25752407154,815839646533
2024-01-20T00:00:00.000Z,2781,41624.58903,41877.89392,41446.82309,41665.58484,11586690904,816801167080
2024-01-21T00:00:00.000Z,2781,41671.48853,41855.36872,41497.00966,41545.78351,9344043642,814488966036
2024-01-22T00:00:00.000Z,2781,41553.65269,41651.20679,39450.11899,39507.36882,31338708143,774565393661
2024-01-23T00:00:00.000Z,2781,39518.71545,40127.35343,38521.89389,39845.55115,29244553045,781234029911
2024-01-24T00:00:00.000Z,2781,39877.59556,40483.78388,39508.79846,40077.07327,22359526178,785809931671
2024-01-25T00:00:00.000Z,2781,40075.54902,40254.48232,39545.66446,39933.80775,18491782013,783046781498
2024-01-26T00:00:00.000Z,2781,39936.81688,42209.38517,39825.69223,41816.87284,25598119893,820011355201
2024-01-27T00:00:00.000Z,2781,41815.62502,42195.63156,41431.27989,42120.05635,11422941934,826001135532
2024-01-28T00:00:00.000Z,2781,42126.12596,42797.17736,41696.90834,42035.59437,16858971687,824387868796
2024-01-29T00:00:00.000Z,2781,42030.91538,43305.86886,41818.33109,43288.24534,20668476578,848995300208
2024-01-30T00:00:00.000Z,2781,43300.22809,43838.94684,42711.37176,42952.60821,23842814518,842451754279
2024-01-31T00:00:00.000Z,2781,42946.25137,43717.40466,42298.94716,42582.60639,24673628793,835231465697
2024-02-01T00:00:00.000Z,2781,42569.7614,43243.16818,41879.18999,43075.7746,21423953779,844943939980
2024-02-02T00:00:00.000Z,2781,43077.63918,43422.48807,42584.33723,43185.85943,18603843039,847154029605
2024-02-03T00:00:00.000Z,2781,43184.96368,43359.94193,42890.80668,42992.24963,11169245236,843398823396
2024-02-04T00:00:00.000Z,2781,42994.9408,43097.64402,42374.8339,42583.58292,14802225490,835421763160
2024-02-05T00:00:00.000Z,2781,42577.62298,43494.24863,42264.8173,42658.66605,18715487317,836936067591
2024-02-06T00:00:00.000Z,2781,42657.39107,43344.14822,42529.02142,43084.67186,16798476726,845338495831
2024-02-07T00:00:00.000Z,2781,43090.0213,44341.94833,42775.95847,44318.22445,21126587775,869585299010
2024-02-08T00:00:00.000Z,2781,44332.1256,45575.84172,44332.1256,45301.56663,26154524080,888921474481
2024-02-09T00:00:00.000Z,2781,45297.38425,48152.49463,45260.82457,47147.20031,39316770844,925184504544
2024-02-10T00:00:00.000Z,2781,47153.52842,48146.17043,46905.32169,47771.27737,16398681570,937476684153
2024-02-11T00:00:00.000Z,2781,47768.96813,48535.93591,47617.40537,48293.91675,19315867136,947774152970
2024-02-12T00:00:00.000Z,2781,48296.3852,50280.47527,47745.76026,49958.22422,34511985805,980490999415
2024-02-13T00:00:00.000Z,2781,49941.36116,50358.39209,48406.49556,49742.44099,35593051468,976299863552
2024-02-14T00:00:00.000Z,2781,49733.4448,52021.37078,49296.83092,51826.696,39105608050,1017254026224
2024-02-15T00:00:00.000Z,2781,51836.78358,52820.06693,51371.62748,51938.55632,38564360533,1019499948270
2024-02-16T00:00:00.000Z,2781,51937.72691,52537.97023,51641.36722,52160.20283,28180567298,1023893671410
2024-02-17T00:00:00.000Z,2781,52161.67548,52191.91409,50669.66868,51662.99537,20009091006,1014181383159
2024-02-18T00:00:00.000Z,2781,51661.97011,52356.96316,51233.70883,52122.54546,17595377311,1023243073518
2024-02-19T00:00:00.000Z,2781,52134.81221,52483.32555,51711.81923,51779.14406,21362184346,1016544621994
2024-02-20T00:00:00.000Z,2781,51777.72851,52945.05257,50792.31125,52284.87356,33353758256,1026519013526
2024-02-21T00:00:00.000Z,2781,52273.53578,52368.81674,50671.75866,51839.18053,28624907020,1017814980563
2024-02-22T00:00:00.000Z,2781,51854.64522,52009.61249,50926.29339,51304.97436,25413900611,1007369631450
2024-02-23T00:00:00.000Z,2781,51283.90457,51497.93219,50561.77586,50731.94919,21427078270,996165857694
2024-02-24T00:00:00.000Z,2781,50736.37007,51684.19452,50585.44589,51571.10311,15174077879,1012689168468
2024-02-25T00:00:00.000Z,2781,51565.21536,51950.02724,51306.17017,51733.2366,15413239245,1015926591604
2024-02-26T00:00:00.000Z,2781,51730.53979,54938.17438,50931.03161,54522.40154,34074411896,1070743961955
2024-02-27T00:00:00.000Z,2781,54519.36207,57537.83966,54484.20014,57085.37231,49756832031,1121125657664
2024-02-28T00:00:00.000Z,2781,57071.09805,63913.13181,56738.4242,62504.78925,83239156760,1227615937615
2024-02-29T00:00:00.000Z,2781,62499.18177,63585.64343,60498.73045,61198.3829,65496611844,1202008882584
2024-03-01T00:00:00.000Z,2781,61168.06243,63155.10235,60802.52636,62440.63254,40186368423,1226468270481
2024-03-02T00:00:00.000Z,2781,62431.65248,62458.69852,61657.28871,62029.84606,23888473685,1218449164617
2024-03-03T00:00:00.000Z,2781,62031.57852,63230.20956,61435.02342,63167.37036,26253811450,1240856664935
2024-03-04T00:00:00.000Z,2781,63137.00468,68537.02933,62386.51835,68330.41561,70670471105,1342332633739
2024-03-05T00:00:00.000Z,2781,68341.05778,69170.62821,59323.90894,63801.19756,102802940877,1252930339356
2024-03-06T00:00:00.000Z,2781,63776.05143,67637.92986,62848.67152,66106.80279,68750229073,1298635184350
2024-03-07T00:00:00.000Z,2781,66099.74165,68029.91869,65655.5342,66925.4832,46989543159,1315182056071
2024-03-08T00:00:00.000Z,2781,66938.09348,70083.05162,66230.45214,68300.09569,59202881172,1341992893971
2024-03-09T00:00:00.000Z,2781,68299.25973,68673.05803,68053.12522,68498.8813,21609650379,1346014614978
2024-03-10T00:00:00.000Z,2781,68500.25585,70005.1999,68239.98039,69019.78636,35683977532,1356284493147
2024-03-11T00:00:00.000Z,2781,69020.54977,72850.71358,67194.88615,72123.90355,65716656765,1417380747796
2024-03-12T00:00:00.000Z,2781,72125.12163,72825.65737,68728.85433,71481.29159,62554434520,1404810311680
2024-03-13T00:00:00.000Z,2781,71482.11707,73637.47479,71334.09238,73083.50133,48212536929,1436271822606
2024-03-14T00:00:00.000Z,2781,73079.37338,73750.07385,68563.02277,71396.58989,59594605698,1403092953866
2024-03-15T00:00:00.000Z,2781,71387.8732,72357.13088,65630.69408,69403.77183,78320453976,1363928841107
2024-03-16T00:00:00.000Z,2781,69392.4875,70046.27393,64801.39555,65315.11747,46842198371,1283870289170
2024-03-17T00:00:00.000Z,2781,65316.34488,68845.71624,64545.3181,68390.6228,44716864318,1343978205473
2024-03-18T00:00:00.000Z,2781,68371.30726,68897.13441,66594.23035,67548.59157,49261579492,1328015048454
2024-03-19T00:00:00.000Z,2781,67556.13116,68106.92741,61536.18025,61912.77315,74215844794,1217479093666
2024-03-20T00:00:00.000Z,2781,61930.1549,68115.25887,60807.78596,67913.67303,66792634382,1335131959555
2024-03-21T00:00:00.000Z,2781,67911.58387,68199.99044,64580.91674,65491.38993,44480350565,1287574561971
2024-03-22T00:00:00.000Z,2781,65489.92846,66623.7493,62355.36971,63778.76256,41401116964,1254457600698
2024-03-23T00:00:00.000Z,2781,63802.72196,65976.40154,63038.49308,64062.20233,24738964812,1259788729091
2024-03-24T00:00:00.000Z,2781,64070.75213,67622.76089,63825.85334,67234.17235,27206630673,1322058484489
2024-03-25T00:00:00.000Z,2781,67234.09758,71162.59344,66414.83223,69958.81358,42700139523,1375150091237
2024-03-26T00:00:00.000Z,2781,69931.32635,71535.7408,69335.61291,69987.8389,36010437368,1376403313500
2024-03-27T00:00:00.000Z,2781,69991.89651,71727.68376,68381.92585,69455.34098,40827113309,1365860349595
2024-03-28T00:00:00.000Z,2781,69452.77111,71546.0196,68895.50523,70744.95206,34374900617,1391336144444
2024-03-29T00:00:00.000Z,2781,70744.79652,70913.09572,69076.65419,69892.82907,25230851763,1374656364302
2024-03-30T00:00:00.000Z,2781,69893.44429,70355.49479,69601.06506,69645.30579,17130241883,1369892136469
2024-03-31T00:00:00.000Z,2781,69647.77903,71377.7795,69624.86868,71333.64793,20050941373,1403108244336
2024-04-01T00:00:00.000Z,2781,71333.48472,71342.09145,68110.69602,69702.14611,34873527352,1371141394063
2024-04-02T00:00:00.000Z,2781,69705.02432,69708.38126,64586.5943,65446.97423,50705240709,1287439112104
2024-04-03T00:00:00.000Z,2781,65446.67176,66914.32256,64559.89995,65980.80865,34488018367,1297904385609
2024-04-04T00:00:00.000Z,2781,65975.69667,69291.25481,65113.79653,68508.84184,34439527442,1347932221576
2024-04-05T00:00:00.000Z,2781,68515.75426,68725.75836,66011.47949,67837.64253,33748230056,1334713625916
2024-04-06T00:00:00.000Z,2781,67840.57358,69629.60205,67491.71524,68896.10998,19967785809,1355566990096
2024-04-07T00:00:00.000Z,2781,68897.11113,70284.42626,68851.63009,69362.55128,21204930369,1364795785582
2024-04-08T00:00:00.000Z,2781,69362.554,72715.35961,69064.2449,71631.35695,37261432669,1409529731788
2024-04-09T00:00:00.000Z,2781,71632.50266,71742.50632,68212.9193,69139.01583,36426900409,1360554169765
2024-04-10T00:00:00.000Z,2781,69140.24064,71093.43316,67503.56561,70587.87944,38318601774,1388869502131
2024-04-11T00:00:00.000Z,2781,70575.73216,71256.23813,69571.81497,70060.60706,30153382941,1378806199022
2024-04-12T00:00:00.000Z,2781,70061.3796,71222.74298,65254.83434,67195.86418,44129299406,1322318848763
2024-04-13T00:00:00.000Z,2781,67188.37643,67931.42936,60919.10616,63821.47388,52869738185,1256414309702
2024-04-14T00:00:00.000Z,2781,63836.23184,65824.42708,62205.85172,65738.72389,49084320047,1293922154521
2024-04-15T00:00:00.000Z,2781,65739.64454,66878.6469,62332.07152,63426.21002,43595917654,1248326445647
2024-04-16T00:00:00.000Z,2781,63419.29849,64355.66926,61716.40233,63811.86394,42847528078,1256510316192
2024-04-17T00:00:00.000Z,2781,63831.84722,64486.36471,59768.58779,61276.69326,41915247049,1206240184791
2024-04-18T00:00:00.000Z,2781,61275.31541,64125.68642,60833.47922,63512.75349,36006307335,1250301972764
2024-04-19T00:00:00.000Z,2781,63510.75032,65481.59705,59651.39026,63843.5685,49920425401,1257063743135
2024-04-20T00:00:00.000Z,2781,63851.10004,65442.45895,63172.40391,64994.44007,23097485495,1279569409422
2024-04-21T00:00:00.000Z,2781,64992.81661,65723.23983,64277.72143,64926.64321,20506644853,1278296008665
2024-04-22T00:00:00.000Z,2781,64935.63317,67233.95704,64548.17858,66837.67609,28282686673,1315994975669
2024-04-23T00:00:00.000Z,2781,66839.89451,67199.24195,65864.86766,66407.2718,24310975583,1307512895862
2024-04-24T00:00:00.000Z,2781,66408.72207,67075.36965,63589.87193,64276.89742,30276655120,1265561280453
2024-04-25T00:00:00.000Z,2781,64275.02102,65275.20752,62783.63327,64481.70664,32155786816,1269733248757
2024-04-26T00:00:00.000Z,2781,64485.36993,64789.65751,63322.39964,63755.32133,24139372950,1255299007880
2024-04-27T00:00:00.000Z,2781,63750.99015,63898.36159,62424.72068,63419.1412,19530783039,1248878755079
2024-04-28T00:00:00.000Z,2781,63423.51393,64321.48281,62793.59877,63113.23168,17334827993,1242661116274
2024-04-29T00:00:00.000Z,2781,63106.3642,64174.87772,61795.4572,63841.12016,26635912073,1257121259561
2024-04-30T00:00:00.000Z,2781,63839.41987,64703.33236,59120.06805,60636.85678,37840840057,1193544962108
2024-05-01T00:00:00.000Z,2781,60609.49795,60780.49968,56555.29405,58254.00985,48439780271,1147184157458
2024-05-02T00:00:00.000Z,2781,58253.7047,59602.29803,56937.20417,59123.43225,32711813559,1164330817512
2024-05-03T00:00:00.000Z,2781,59122.30085,63320.50339,58848.31206,62889.83674,33172023048,1238554321095
2024-05-04T00:00:00.000Z,2781,62891.03055,64494.95843,62599.35315,63891.47292,20620477992,1258304781123
2024-05-05T00:00:00.000Z,2781,63892.45499,64610.89021,62955.30648,64031.13281,18296164805,1261203911122
2024-05-06T00:00:00.000Z,2781,64038.31356,65494.90172,62746.23845,63161.95026,28697928697,1243984877329
2024-05-07T00:00:00.000Z,2781,63162.7634,64390.45674,62285.97918,62334.81835,25930730982,1227659657662
2024-05-08T00:00:00.000Z,2781,62332.64251,62986.08424,60877.12752,61187.9414,26088172222,1205202182091
2024-05-09T00:00:00.000Z,2781,61191.20053,63404.9153,60648.07542,63049.95926,25453338161,1241942293193
2024-05-10T00:00:00.000Z,2781,63055.191,63446.74251,60208.78155,60792.77679,27804954694,1197421098169
2024-05-11T00:00:00.000Z,2781,60793.35701,61451.15373,60492.62537,60793.7096,13842272968,1197453013829
2024-05-12T00:00:00.000Z,2781,60793.50203,61818.15488,60632.60244,61448.39467,13800459405,1210435745367
2024-05-13T00:00:00.000Z,2781,61451.21851,63422.66038,60769.84067,62901.44746,27889181179,1239017433570
2024-05-14T00:00:00.000Z,2781,62900.77401,63092.12516,61123.76653,61552.79014,28186271527,1212512959206
2024-05-15T00:00:00.000Z,2781,61553.98985,66454.44997,61330.40878,66267.49147,39815167074,1305166889304
2024-05-16T00:00:00.000Z,2781,66256.11182,66712.42938,64613.05605,65231.58031,31573077994,1285007856222
2024-05-17T00:00:00.000Z,2781,65231.29868,67459.4595,65119.31498,67051.87491,28031279310,1321187121527
2024-05-18T00:00:00.000Z,2781,67066.21104,67387.33037,66663.49652,66940.80441,16712277406,1318742415299
2024-05-19T00:00:00.000Z,2781,66937.93007,67694.29878,65937.17781,66278.37008,19249094538,1305732230286
2024-05-20T00:00:00.000Z,2781,66278.74467,71483.56622,66086.17412,71448.19519,43850655717,1407508223127
2024-05-21T00:00:00.000Z,2781,71443.06344,71946.46269,69191.12353,70136.53144,46932005990,1381774907495
2024-05-22T00:00:00.000Z,2781,70135.31863,70623.69427,68977.69141,69122.33901,32802561717,1361828325234
2024-05-23T00:00:00.000Z,2781,69121.30294,70041.27138,66356.95363,67929.56304,41895680979,1338341012691
2024-05-24T00:00:00.000Z,2781,67928.13029,69220.29394,66622.66868,68526.09777,29197308153,1350188278441
2024-05-25T00:00:00.000Z,2781,68526.92222,69579.32133,68515.81883,69265.94274,15473071741,1364748567457
2024-05-26T00:00:00.000Z,2781,69264.28525,69506.22854,68183.89281,68518.08997,15628433737,1349968658780
2024-05-27T00:00:00.000Z,2781,68512.18027,70597.87951,68232.50113,69394.55337,25870990717,1367374775956
2024-05-28T00:00:00.000Z,2781,69392.19677,69514.63935,67227.1544,68296.22199,32722265965,1345757548564
2024-05-29T00:00:00.000Z,2781,68296.34813,68852.4633,67101.49433,67578.09292,26707072906,1331600056889
2024-05-30T00:00:00.000Z,2781,67576.0879,69500.5427,67118.07742,68364.98955,29509712534,1347131845679
2024-05-31T00:00:00.000Z,2781,68362.51594,68999.56524,66633.41834,67491.41701,27387283769,1329961627933
2024-06-01T00:00:00.000Z,2781,67489.61178,67839.7684,67386.19761,67706.93731,11641495604,1334337260767
2024-06-02T00:00:00.000Z,2781,67710.27089,68409.16583,67315.52631,67751.60258,17110588415,1335227914032
2024-06-03T00:00:00.000Z,2781,67753.89541,70230.82085,67589.83642,68804.78009,32401285324,1355956442573
2024-06-04T00:00:00.000Z,2781,68804.56722,71047.40601,68564.64322,70567.7689,33149696545,1390743617175
2024-06-05T00:00:00.000Z,2781,70568.35029,71735.41098,70390.71269,71082.8227,32810771409,1400900832470
2024-06-06T00:00:00.000Z,2781,71082.84043,71625.73725,70119.12303,70757.16585,25223152007,1394552080469
2024-06-07T00:00:00.000Z,2781,70759.18448,71907.84898,68507.26094,69342.58674,36188381096,1366686633129
2024-06-08T00:00:00.000Z,2781,69324.17655,69533.31697,69210.74156,69305.77432,14262185861,1365997475512
2024-06-09T00:00:00.000Z,2781,69297.49482,69817.5223,69160.84174,69647.993,13534028500,1372773642949
2024-06-10T00:00:00.000Z,2781,69644.31274,70146.06833,69232.42545,69512.28028,20597699541,1370130002869
2024-06-11T00:00:00.000Z,2781,69508.07973,69549.41673,66123.59916,67332.03046,37116136345,1327182056472
2024-06-12T00:00:00.000Z,2781,67321.3741,69977.89055,66902.45507,68241.18408,34497940694,1345134120907
2024-06-13T00:00:00.000Z,2781,68243.10444,68365.7836,66304.5656,66756.39709,28955204146,1315894956574
2024-06-14T00:00:00.000Z,2781,66747.56951,67294.65105,65056.89301,66011.09373,27403884779,1301221571384
2024-06-15T00:00:00.000Z,2781,66006.74025,66402.18735,65871.77605,66191.00047,14121265576,1304788441997
2024-06-16T00:00:00.000Z,2781,66189.35779,66894.84124,66018.24917,66639.04654,13281140541,1313672583954
2024-06-17T00:00:00.000Z,2781,66636.5155,67188.31747,65094.96413,66490.29418,30006354476,1310771374540
2024-06-18T00:00:00.000Z,2781,66490.97701,66556.69942,64066.95567,65140.74459,39481285950,1284195191637
2024-06-19T00:00:00.000Z,2781,65146.65912,65695.35418,64693.3023,64960.2953,21103423504,1280662535002
2024-06-20T00:00:00.000Z,2781,64960.2953,66438.96388,64547.84932,64828.65581,25641109124,1278081520105
2024-06-21T00:00:00.000Z,2781,64837.98759,65007.54637,63378.89471,64096.19819,26188171739,1263661931353
2024-06-22T00:00:00.000Z,2781,64113.8649,64475.47049,63929.75706,64252.57875,9858198793,1266764455740
2024-06-23T00:00:00.000Z,2781,64248.96317,64491.70322,63180.79821,63180.79821,11170471802,1245656822238
2024-06-24T00:00:00.000Z,2781,63173.35271,63292.52716,58601.70007,60277.41466,43152133651,1188446806983
2024-06-25T00:00:00.000Z,2781,60266.28307,62258.26133,60239.74835,61804.64117,29201215431,1218587029578
2024-06-26T00:00:00.000Z,2781,61789.67545,62434.13651,60695.18683,60811.27845,22506003064,1199038781432
2024-06-27T00:00:00.000Z,2781,60811.22702,62293.862,60585.33081,61604.80176,21231745045,1214717875147
2024-06-28T00:00:00.000Z,2781,61612.80579,62126.09657,59985.40426,60320.13553,24952866877,1189406366262
2024-06-29T00:00:00.000Z,2781,60319.8732,61097.62182,60300.9651,60887.38083,12652903396,1200610071823
2024-06-30T00:00:00.000Z,2781,60888.44556,62892.8272,60632.95044,62678.29208,17333226409,1235944779945
2024-07-01T00:00:00.000Z,2781,62673.60634,63777.22754,62495.5101,62851.98007,25468379421,1239386428569
2024-07-02T00:00:00.000Z,2781,62844.41155,63203.35945,61752.74664,62029.01681,20151616992,1223171892636
2024-07-03T00:00:00.000Z,2781,62034.33014,62187.70484,59419.38839,60173.92358,29756701685,1186592344847
2024-07-04T00:00:00.000Z,2781,60147.13764,60399.67477,56777.80495,56977.70146,41149609230,1123568935037
2024-07-05T00:00:00.000Z,2781,57022.80922,57497.15143,53717.37543,56662.37327,55417544033,1117355596307
2024-07-06T00:00:00.000Z,2781,56659.07523,58472.54874,56038.96164,58303.53858,20610320577,1149721701454
2024-07-07T00:00:00.000Z,2781,58239.43047,58371.12039,55793.32594,55849.11064,20553359505,1101324021019
2024-07-08T00:00:00.000Z,2781,55849.57377,58131.3373,54321.01906,56705.09843,39766159899,1118206962401
2024-07-09T00:00:00.000Z,2781,56704.59694,58239.197,56316.87515,58009.22632,27849512607,1143927440649
2024-07-10T00:00:00.000Z,2781,58033.88449,59359.43239,57178.41252,57742.49462,26175260526,1138673101576
2024-07-11T00:00:00.000Z,2781,57729.8908,59299.43429,57120.37751,57344.91479,28707803842,1130840802043
2024-07-12T00:00:00.000Z,2781,57341.19493,58532.55306,56590.17449,57899.46552,25604805221,1141786144917
2024-07-13T00:00:00.000Z,2781,57908.73854,59787.07822,57796.44245,59231.95324,17080061806,1168067978181
2024-07-14T00:00:00.000Z,2781,59225.2504,61329.52914,59225.2504,60787.79237,22223416061,1198755021572
2024-07-15T00:00:00.000Z,2781,60815.4579,64870.15282,60704.9292,64870.15282,38094526099,1279638364954
2024-07-16T00:00:00.000Z,2781,64784.41884,65354.3382,62487.96711,65097.14683,41617346768,1284144530410
2024-07-17T00:00:00.000Z,2781,65091.83071,66066.73303,63896.08719,64118.79267,32525071311,1264876808968
2024-07-18T00:00:00.000Z,2781,64104.73768,65104.66142,63246.16444,63974.06668,27239305337,1262047185003
2024-07-19T00:00:00.000Z,2781,63972.3255,67442.63812,63329.34203,66710.15431,37003855410,1316050877556
2024-07-20T00:00:00.000Z,2781,66709.92562,67610.73437,66299.61837,67163.64492,19029581250,1325061487222
2024-07-21T00:00:00.000Z,2781,67164.91192,68372.90517,65842.2988,68154.52291,26652190004,1344591292880
2024-07-22T00:00:00.000Z,2781,68152.97613,68480.06279,66611.29987,67585.24997,42649109453,1333416492642