blockNumber,timeStamp,hash,nonce,blockHash,transactionIndex,from,to,value,gas,gasPrice,isError,txreceipt_status,input,contractAddress,cumulativeGasUsed,gasUsed,confirmations,methodId,functionName
16442275,1674148475,0xe74e7b7c11f6dd7d87ff702ef4c66ca6f23ad242c0f973774ac1f7bc25bd3b0f,126,0xefb56f55b39fdec93bc49afdb273d7c8d68643a8942f43167c4c33714c869176,101,0x11a05633e78aabf81cbc84d58e0f8d07fd25c992,0x168f2249fbf024b7994fa167378e7d22b50cc1b4,2499989750000000000000,63184,84715420660,0,1,0x,,9328223,49803,3688523,0x,
16785276,1678299635,0x0708a94a42266b07df52abd1e2b46668aac6083bdae7121feb82904b12c39288,127,0x82e6aff583db652087accf39a2a7c2647dfd59cbe4bab18025fa904ab201c00a,125,0x11a05633e78aabf81cbc84d58e0f8d07fd25c992,0x6fbdfc8f14968f84ecef4dc916abebdeb4729b8b,100000000000000000000,63187,44708608434,0,1,0x,,11648338,49806,3345522,0x,
16785383,1678300955,0xaef6d0a51059c1bf0fe8288c146ad58b4b3a57f704ac6aa58708e306ec171157,128,0x07d28155e3b694c4f583eecb1876582b9a2439ed35698d6db9139ba40d086391,57,0x11a05633e78aabf81cbc84d58e0f8d07fd25c992,0xc4d38074c75188a09ecd02df1dbad27f18d2965c,1700000000000000000000,63187,60333775349,0,1,0x,,5510194,49806,3345415,0x,
16982896,1680701555,0x8807cc19d7ffbbd061637c529eaa7e8cd63887cc230b3f02fd5b4208b61ba7d5,129,0xe7711813735e091f7bae7bff16f640b5c60909948c9ce241315a1ae54400a4bb,26,0x11a05633e78aabf81cbc84d58e0f8d07fd25c992,0xa5f4115f1601800a7818e12846adc5977e55f39a,10000000000000000000,47286,37834381787,0,1,0x,,3318748,39405,3147902,0x,
16982903,1680701639,0x6b00befa00c1dfc1bb7f9c69398c27373b99d53a7a53f7b2618ec06f4f35ff7b,130,0xeaf980febdf798f5097fe2e11b32b3cd7a9fecd45b53ae093b7fc3c22ad10031,23,0x11a05633e78aabf81cbc84d58e0f8d07fd25c992,0xda029073ab98ccc5149ca1799908b250960b3322,10000000000000000000,47286,39694075206,0,1,0x,,2517243,39405,3147895,0x,
17174059,1683042323,0x4f425a3b0ab8bd5736502515f3809b88a72fc917bc55aa01c0c42b9f7f64af82,131,0xa4a931edac7019b1542e5cc5984882aa19850bae4b272e9463fa9af8241f805d,20,0x11a05633e78aabf81cbc84d58e0f8d07fd25c992,0xc4d38074c75188a09ecd02df1dbad27f18d2965c,3794000000000000000000,63187,113898176322,0,1,0x,,2273195,49806,2956739,0x,
17265948,1684163075,0x7295af3454a3bd07364bd9aedb0dc957d67910fbb6b0feff983009be1700e522,132,0xf5190903eb5ab4d612cf2470df3f7d8dbf91140a688ee0881daf623ff5475396,29,0x11a05633e78aabf81cbc84d58e0f8d07fd25c992,0x168f2249fbf024b7994fa167378e7d22b50cc1b4,2499989937500000000,63184,103120910523,0,1,0x,,2306183,49803,2864850,0x,
17265975,1684163411,0x44645bf82224f1fe9778e479b8f5cc634728873a85bc6ffd4bd641f037154d92,133,0x5460665212fe03df3afd9653a1383b2f23408d8c47214eee2c235428709337fb,20,0x11a05633e78aabf81cbc84d58e0f8d07fd25c992,0x168f2249fbf024b7994fa167378e7d22b50cc1b4,2497481592131800000000,63184,135375967110,0,1,0x,,1874560,49803,2864823,0x,
17699766,1689436187,0xa6c78cb1a0ea92ff28e6a2a58427084c1eef3d7933b0410ac00632745cfb1b81,134,0x8cac54bcc307f5a663b7514c7f97884a8a8d1ddbc2ebdc4956deec5bcd054279,43,0x11a05633e78aabf81cbc84d58e0f8d07fd25c992,0xda029073ab98ccc5149ca1799908b250960b3322,11000000000000000000,70000,27512907001,0,1,0x,,4491597,39405,2431032,0x,
17822909,1690926131,0xace9424c18292b99c36f4c0367a3ca1a34c8a862eaa85ac17fbd2296b6586335,135,0xc31ada1645e7837919282193cf003d59d19a441176ea1cd1ddf791ea3d9118f9,29,0x11a05633e78aabf81cbc84d58e0f8d07fd25c992,0xda029073ab98ccc5149ca1799908b250960b3322,214000000000000000000,47286,37586561160,0,1,0x,,7511602,39405,2307889,0x,
18970836,1704820619,0xb7514c845b27da371f445790278abaefdaebe6d34b6c4fd584ae64492fe4df7e,136,0x039d9cf09f48e9e4b12eb23d56979ca9ad9a3cd3a746ba5e8247a39c3584a814,7,0x11a05633e78aabf81cbc84d58e0f8d07fd25c992,0x8abac1bc2039b72c366e25475251b750f42bc2e6,10000000000000000,52656,31150871550,0,1,0x,,1056574,49806,1159962,0x,
18979342,1704923471,0x64ab69e28548d098ad64e180a5598e10ab98c4e4c04cf0aee5dbe64c40fa1515,137,0xfba138eba68a5539a1a1f9a3fbbc7f1924b0229feb4cf37861011c0af3a03214,89,0x11a05633e78aabf81cbc84d58e0f8d07fd25c992,0x8abac1bc2039b72c366e25475251b750f42bc2e6,300576249639700000000,52656,99929037730,0,1,0x,,9182739,49806,1151456,0x,
19257377,1708292063,0x6a8338a6e4826ee0d0399c409bcff4da645f9ccfed42be5adbaf43214d13fb46,138,0x0e49f4709262671352c09cfc7b0ac1fac1026354c471f1f75ea63d082988f524,83,0x11a05633e78aabf81cbc84d58e0f8d07fd25c992,0x168f2249fbf024b7994fa167378e7d22b50cc1b4,2499997800000000000000,52653,27436085934,0,1,0x,,16194730,49803,873421,0x,
19257385,1708292171,0x6df0a1746e923ca96b837ba2e728318068947b56008662f93ea4187553b06e61,0,0x4ad1384b5f1c4afe750abc506adc9e40d78c810848043bef0779ffb4cc95c5b0,63,0x168f2ba68bff3357b093dcb477666213ef6cc1b4,0x11a05633e78aabf81cbc84d58e0f8d07fd25c992,2499997800000,21000,30370000000,0,1,0x,,10698854,21000,873413,0x,
19257436,1708292807,0x91ff453cce100477b311c4571f0cece3c8d06268e62eb8d0cc43a04c94fa15af,0,0x46cb8de20861fa121dc78e55d4525833812fd624ab4f404dfe5d968d8ba841b2,8,0x168f648ebe479e24bb4af0ecf4328e94110cc1b4,0x11a05633e78aabf81cbc84d58e0f8d07fd25c992,24990000000000,21000,24197369643,0,1,0x,,477550,21000,873362,0x,
